{"parameters/graph_9conv1.weight": {"_type": "histogram", "values": [1.0, 0.0, 0.0, 1.0, 0.0, 1.0, 1.0, 0.0, 1.0, 1.0, 3.0, 6.0, 2.0, 3.0, 1.0, 1.0, 0.0, 3.0, 3.0, 8.0, 4.0, 19.0, 36.0, 98.0, 207.0, 366.0, 516.0, 585.0, 550.0, 591.0, 591.0, 576.0, 449.0, 333.0, 228.0, 115.0, 41.0, 15.0, 6.0, 6.0, 4.0, 5.0, 3.0, 2.0, 4.0, 2.0, 1.0, 1.0, 3.0, 2.0, 2.0, 0.0, 0.0, 0.0, 1.0, 1.0, 0.0, 0.0, 0.0, 0.0, 0.0, 0.0, 0.0, 1.0], "bins": [-1.1708139181137085, -1.130699634552002, -1.090585470199585, -1.0504711866378784, -1.0103569030761719, -0.9702427387237549, -0.9301284551620483, -0.8900142312049866, -0.8499000072479248, -0.809785783290863, -0.7696715593338013, -0.7295572757720947, -0.689443051815033, -0.6493288278579712, -0.6092145442962646, -0.5691003203392029, -0.5289860963821411, -0.48887187242507935, -0.4487576186656952, -0.40864336490631104, -0.36852914094924927, -0.3284149169921875, -0.28830066323280334, -0.24818642437458038, -0.20807218551635742, -0.16795794665813446, -0.1278437077999115, -0.08772946894168854, -0.047615230083465576, -0.007500991225242615, 0.03261324763298035, 0.07272748649120331, 0.11284184455871582, 0.15295608341693878, 0.19307032227516174, 0.2331845611333847, 0.27329879999160767, 0.31341302394866943, 0.3535272777080536, 0.39364153146743774, 0.4337557554244995, 0.4738699793815613, 0.513984203338623, 0.5540984869003296, 0.5942127108573914, 0.6343269348144531, 0.6744412183761597, 0.7145554423332214, 0.7546696662902832, 0.794783890247345, 0.8348981142044067, 0.8750123977661133, 0.915126621723175, 0.9552408456802368, 0.9953551292419434, 1.0354692935943604, 1.075583577156067, 1.1156978607177734, 1.1558120250701904, 1.195926308631897, 1.2360405921936035, 1.2761547565460205, 1.316269040107727, 1.356383204460144, 1.3964974880218506]}, "_timestamp": 1710819957.655745, "parameters/graph_9conv1.bias": {"_type": "histogram", "values": [1.0, 0.0, 0.0, 0.0, 0.0, 0.0, 0.0, 0.0, 0.0, 0.0, 0.0, 0.0, 0.0, 0.0, 0.0, 0.0, 0.0, 1.0, 0.0, 0.0, 0.0, 0.0, 1.0, 1.0, 0.0, 0.0, 1.0, 0.0, 1.0, 1.0, 1.0, 0.0, 2.0, 0.0, 3.0, 1.0, 4.0, 4.0, 4.0, 4.0, 13.0, 6.0, 12.0, 12.0, 4.0, 11.0, 12.0, 8.0, 8.0, 19.0, 14.0, 9.0, 3.0, 5.0, 5.0, 7.0, 5.0, 2.0, 5.0, 3.0, 1.0, 2.0, 2.0, 2.0], "bins": [-1.1545228958129883, -1.131184458732605, -1.1078460216522217, -1.0845074653625488, -1.0611690282821655, -1.0378305912017822, -1.014492154121399, -0.9911536574363708, -0.9678151607513428, -0.9444767236709595, -0.9211382269859314, -0.8977997899055481, -0.87446129322052, -0.8511228561401367, -0.8277843594551086, -0.8044459223747253, -0.7811074256896973, -0.757768988609314, -0.7344305515289307, -0.7110920548439026, -0.6877536177635193, -0.6644151210784912, -0.6410766839981079, -0.6177381873130798, -0.5943997502326965, -0.5710612535476685, -0.5477228164672852, -0.5243843197822571, -0.5010458827018738, -0.4777074158191681, -0.4543689489364624, -0.4310304820537567, -0.4076920449733734, -0.3843535780906677, -0.36101511120796204, -0.33767664432525635, -0.31433817744255066, -0.29099971055984497, -0.2676612436771393, -0.2443227916955948, -0.2209843248128891, -0.1976458579301834, -0.17430739104747772, -0.15096892416477203, -0.12763047218322754, -0.10429199784994125, -0.08095353841781616, -0.057615071535110474, -0.034276604652404785, -0.010938139632344246, 0.012400325387716293, 0.03573878854513168, 0.05907725542783737, 0.08241572231054306, 0.10575418174266815, 0.12909264862537384, 0.15243111550807953, 0.17576958239078522, 0.1991080492734909, 0.2224465161561966, 0.2457849681377411, 0.2691234350204468, 0.29246190190315247, 0.31580036878585815, 0.33913883566856384]}, "parameters/graph_9ff1.weight": {"_type": "histogram", "values": [1.0, 0.0, 1.0, 1.0, 1.0, 1.0, 0.0, 0.0, 1.0, 0.0, 3.0, 1.0, 1.0, 3.0, 4.0, 4.0, 2.0, 4.0, 4.0, 3.0, 7.0, 12.0, 18.0, 16.0, 12.0, 21.0, 19.0, 19.0, 30.0, 24.0, 42.0, 46.0, 35.0, 48.0, 52.0, 69.0, 80.0, 90275.0, 259545.0, 4771.0, 3954.0, 91.0, 65.0, 55.0, 50.0, 49.0, 54.0, 36.0, 54.0, 38.0, 39.0, 54.0, 48.0, 41.0, 47.0, 36.0, 20.0, 20.0, 19.0, 18.0, 13.0, 11.0, 4.0, 8.0], "bins": [-2.0031039714813232, -1.9521106481552124, -1.9011173248291016, -1.8501240015029907, -1.7991306781768799, -1.748137354850769, -1.6971439123153687, -1.6461505889892578, -1.595157265663147, -1.5441639423370361, -1.4931706190109253, -1.4421772956848145, -1.3911839723587036, -1.3401906490325928, -1.289197325706482, -1.238204002380371, -1.1872105598449707, -1.1362172365188599, -1.085223913192749, -1.0342305898666382, -0.9832372665405273, -0.9322439432144165, -0.8812506198883057, -0.8302572965621948, -0.779263973236084, -0.7282705903053284, -0.6772772669792175, -0.6262839436531067, -0.5752906203269958, -0.524297297000885, -0.4733039438724518, -0.42231059074401855, -0.3713172674179077, -0.3203239440917969, -0.26933059096336365, -0.2183372676372528, -0.16734392940998077, -0.11635059118270874, -0.0653572604060173, -0.014363925904035568, 0.03662940859794617, 0.0876227468252182, 0.13861608505249023, 0.18960940837860107, 0.2406027466058731, 0.29159608483314514, 0.342589408159256, 0.3935827612876892, 0.44457608461380005, 0.4955694079399109, 0.5465627312660217, 0.5975561141967773, 0.6485494375228882, 0.699542760848999, 0.7505360841751099, 0.8015294075012207, 0.8525227308273315, 0.9035161137580872, 0.954509437084198, 1.0055028200149536, 1.0564961433410645, 1.1074894666671753, 1.1584827899932861, 1.209476113319397, 1.2604694366455078]}, "parameters/graph_9ff1.bias": {"_type": "histogram", "values": [28.0, 55.0, 82.0, 28.0, 6.0, 0.0, 0.0, 0.0, 0.0, 0.0, 0.0, 0.0, 0.0, 0.0, 0.0, 0.0, 0.0, 0.0, 0.0, 0.0, 0.0, 0.0, 0.0, 0.0, 0.0, 0.0, 0.0, 0.0, 0.0, 0.0, 0.0, 0.0, 0.0, 0.0, 0.0, 0.0, 0.0, 0.0, 0.0, 0.0, 0.0, 0.0, 0.0, 0.0, 0.0, 0.0, 0.0, 0.0, 0.0, 0.0, 0.0, 0.0, 0.0, 0.0, 0.0, 0.0, 0.0, 0.0, 0.0, 0.0, 0.0, 0.0, 0.0, 1.0], "bins": [-0.08915235847234726, -0.07315467298030853, -0.05715698376297951, -0.04115929454565048, -0.025161609053611755, -0.00916392169892788, 0.006833765655755997, 0.022831453010439873, 0.03882914036512375, 0.054826825857162476, 0.0708245187997818, 0.08682220429182053, 0.10281988978385925, 0.11881757527589798, 0.1348152607679367, 0.15081295371055603, 0.16681063175201416, 0.18280832469463348, 0.1988060176372528, 0.21480369567871094, 0.23080138862133026, 0.24679908156394958, 0.2627967596054077, 0.27879443764686584, 0.29479214549064636, 0.3107898235321045, 0.3267875015735626, 0.34278520941734314, 0.35878288745880127, 0.3747805655002594, 0.3907782733440399, 0.40677595138549805, 0.42277365922927856, 0.4387713372707367, 0.4547690451145172, 0.47076672315597534, 0.48676440119743347, 0.5027620792388916, 0.5187597870826721, 0.5347574949264526, 0.5507551431655884, 0.5667528510093689, 0.5827505588531494, 0.5987482070922852, 0.6147459149360657, 0.6307436227798462, 0.6467412710189819, 0.6627389788627625, 0.678736686706543, 0.6947343349456787, 0.7107320427894592, 0.726729691028595, 0.7427273988723755, 0.758725106716156, 0.7747227549552917, 0.7907204627990723, 0.8067181706428528, 0.8227158188819885, 0.838713526725769, 0.8547112345695496, 0.8707088828086853, 0.8867065906524658, 0.9027042984962463, 0.9187019467353821, 0.9346996545791626]}, "parameters/graph_9ff2.weight": {"_type": "histogram", "values": [1.0, 0.0, 0.0, 0.0, 0.0, 0.0, 0.0, 0.0, 0.0, 1.0, 0.0, 0.0, 2.0, 0.0, 0.0, 0.0, 0.0, 0.0, 0.0, 0.0, 0.0, 0.0, 0.0, 0.0, 0.0, 0.0, 0.0, 0.0, 0.0, 1.0, 0.0, 0.0, 1.0, 0.0, 0.0, 2.0, 1.0, 2.0, 0.0, 0.0, 0.0, 0.0, 0.0, 2.0, 309.0, 2286.0, 3179.0, 3206.0, 3804.0, 4016.0, 3915.0, 4078.0, 5011.0, 3205.0, 1501.0, 1404.0, 1214.0, 956.0, 904.0, 830.0, 164.0, 0.0, 2.0, 3.0],