{"parameters/graph_4ff1.weight": {"_type": "histogram", "values": [1.0, 0.0, 0.0, 1.0, 1.0, 0.0, 1.0, 2.0, 2.0, 1.0, 3.0, 2.0, 1.0, 1.0, 10.0, 7.0, 20.0, 19.0, 29.0, 45.0, 53.0, 62.0, 93.0, 97.0, 174.0, 209.0, 248.0, 276.0, 319.0, 291.0, 282.0, 303.0, 333.0, 483.0, 853.0, 1344.0, 1520.0, 1496.0, 1411.0, 1393.0, 1037.0, 693.0, 583.0, 484.0, 340.0, 218.0, 86.0, 51.0, 19.0, 20.0, 19.0, 15.0, 8.0, 9.0, 4.0, 3.0, 6.0, 4.0, 3.0, 6.0, 3.0, 1.0, 1.0, 1.0], "bins": [-1.4643911123275757, -1.424957513809204, -1.3855239152908325, -1.346090316772461, -1.3066567182540894, -1.2672231197357178, -1.2277895212173462, -1.1883559226989746, -1.1489222049713135, -1.109488606452942, -1.0700550079345703, -1.0306214094161987, -0.9911878108978271, -0.9517542123794556, -0.912320613861084, -0.8728870153427124, -0.8334534168243408, -0.7940198183059692, -0.7545862197875977, -0.7151526212692261, -0.6757190227508545, -0.6362853646278381, -0.5968517661094666, -0.557418167591095, -0.5179845690727234, -0.4785509705543518, -0.4391173720359802, -0.39968374371528625, -0.3602501451969147, -0.3208165466785431, -0.2813829183578491, -0.24194931983947754, -0.20251572132110596, -0.16308212280273438, -0.1236485093832016, -0.08421490341424942, -0.04478129744529724, -0.005347691476345062, 0.03408591449260712, 0.0735195204615593, 0.11295312643051147, 0.15238672494888306, 0.19182033836841583, 0.2312539517879486, 0.2706875503063202, 0.3101211488246918, 0.34955477714538574, 0.3889883756637573, 0.4284219741821289, 0.4678555727005005, 0.5072891712188721, 0.5467227697372437, 0.5861563682556152, 0.6255900263786316, 0.6650236248970032, 0.7044572234153748, 0.7438908219337463, 0.7833244204521179, 0.8227580189704895, 0.8621916174888611, 0.9016252756118774, 0.941058874130249, 0.9804924726486206, 1.0199260711669922, 1.0593596696853638]}, "_timestamp": 1710811056.5238597, "parameters/graph_4ff1.bias": {"_type": "histogram", "values": [1.0, 0.0, 0.0, 0.0, 0.0, 0.0, 0.0, 0.0, 0.0, 2.0, 0.0, 1.0, 2.0, 2.0, 0.0, 0.0, 2.0, 1.0, 2.0, 1.0, 7.0, 6.0, 8.0, 9.0, 11.0, 13.0, 16.0, 11.0, 22.0, 18.0, 5.0, 10.0, 7.0, 6.0, 3.0, 5.0, 1.0, 0.0, 4.0, 2.0, 1.0, 2.0, 2.0, 5.0, 2.0, 3.0, 3.0, 1.0, 1.0, 0.0, 0.0, 0.0, 0.0, 0.0, 0.0, 0.0, 0.0, 0.0, 0.0, 0.0, 0.0, 0.0, 0.0, 2.0], "bins": [-1.0463788509368896, -1.0142534971237183, -0.9821280837059021, -0.9500027298927307, -0.9178773164749146, -0.8857519626617432, -0.8536266088485718, -0.8215011954307556, -0.7893758416175842, -0.7572504878044128, -0.7251250743865967, -0.6929997205734253, -0.6608743667602539, -0.6287489533424377, -0.5966235995292664, -0.5644981861114502, -0.5323728322982788, -0.5002474784851074, -0.46812206506729126, -0.4359967112541199, -0.4038713276386261, -0.3717459440231323, -0.33962059020996094, -0.30749520659446716, -0.2753698229789734, -0.24324443936347961, -0.21111907064914703, -0.17899370193481445, -0.14686831831932068, -0.1147429421544075, -0.08261756598949432, -0.050492189824581146, -0.018366694450378418, 0.01375868171453476, 0.04588405787944794, 0.07800943404436111, 0.11013481020927429, 0.14226019382476807, 0.17438556253910065, 0.20651093125343323, 0.238636314868927, 0.2707616984844208, 0.30288708209991455, 0.33501243591308594, 0.3671378195285797, 0.3992632031440735, 0.4313885569572449, 0.46351394057273865, 0.4956393241882324, 0.5277646780014038, 0.55989009141922, 0.5920154452323914, 0.6241408586502075, 0.6562662124633789, 0.6883915662765503, 0.7205169796943665, 0.7526423335075378, 0.7847676873207092, 0.8168931007385254, 0.8490184545516968, 0.8811438083648682, 0.9132692217826843, 0.9453945755958557, 0.9775199890136719, 1.0096453428268433]}, "parameters/graph_4ff2.weight": {"_type": "histogram", "values": [1.0, 1.0, 1.0, 0.0, 0.0, 3.0, 7.0, 10.0, 18.0, 12.0, 21.0, 14.0, 19.0, 26.0, 25.0, 34.0, 30.0, 62.0, 83.0, 85.0, 114.0, 119.0, 129.0, 125.0, 106.0, 124.0, 389.0, 3596.0, 7195.0, 7483.0, 7624.0, 7434.0, 4084.0, 493.0, 243.0, 144.0, 68.0, 22.0, 10.0, 10.0, 6.0, 6.0, 2.0, 4.0, 3.0, 1.0, 3.0, 2.0, 2.0, 1.0, 2.0, 0.0, 0.0, 0.0, 1.0, 1.0, 0.0, 1.0, 0.0, 0.0, 0.0, 0.0, 0.0, 1.0], "bins": [-0.9073185920715332, -0.8789390325546265, -0.8505594730377197, -0.8221799731254578, -0.793800413608551, -0.7654208540916443, -0.7370413541793823, -0.7086617946624756, -0.6802822351455688, -0.6519026756286621, -0.6235231161117554, -0.5951436161994934, -0.5667640566825867, -0.5383844971656799, -0.510004997253418, -0.48162543773651123, -0.4532458782196045, -0.42486631870269775, -0.3964867889881134, -0.36810725927352905, -0.3397276997566223, -0.3113481402397156, -0.2829686105251312, -0.2545890808105469, -0.22620952129364014, -0.1978299766778946, -0.16945043206214905, -0.1410708874464035, -0.11269134283065796, -0.08431179821491241, -0.05593225359916687, -0.027552708983421326, 0.0008268356323242188, 0.029206380248069763, 0.05758592486381531, 0.08596546947956085, 0.1143450140953064, 0.14272455871105194, 0.17110410332679749, 0.19948364794254303, 0.22786319255828857, 0.2562427520751953, 0.28462228178977966, 0.313001811504364, 0.34138137102127075, 0.3697609305381775, 0.39814046025276184, 0.4265199899673462, 0.45489954948425293, 0.48327910900115967, 0.5116586685180664, 0.5400381684303284, 0.5684177279472351, 0.5967972874641418, 0.6251767873764038, 0.6535563468933105, 0.6819359064102173, 0.710315465927124, 0.7386950254440308, 0.7670745253562927, 0.7954540848731995, 0.8238336443901062, 0.8522131443023682, 0.8805927038192749, 0.9089722633361816]}, "parameters/graph_4ff2.bias": {"_type": "histogram", "values": [1.0, 0.0, 1.0, 0.0, 0.0, 0.0, 0.0, 1.0, 1.0, 0.0, 0.0, 0.0, 1.0, 0.0, 0.0, 1.0, 0.0, 0.0, 0.0, 0.0, 1.0, 0.0, 0.0, 0.0, 7.0, 6.0, 11.0, 13.0, 17.0, 13.0, 15.0, 13.0, 14.0, 17.0, 20.0, 13.0, 17.0, 7.0, 7.0, 1.0, 0.0, 0.0, 1.0, 0.0, 0.0, 0.0, 0.0, 0.0, 0.0, 0.0, 0.0, 0.0, 0.0, 0.0, 0.0, 0.0, 0.0, 0.0, 0.0, 0.0, 0.0, 0.0, 0.0, 1.0], "bins": [-0.4225517213344574, -0.4109938442707062, -0.39943599700927734, -0.3878781199455261, -0.3763202428817749, -0.3647623658180237, -0.35320451855659485, -0.34164664149284363, -0.3300887644290924, -0.3185309171676636, -0.30697304010391235, -0.29541516304016113, -0.2838572859764099, -0.2722994387149811, -0.26074156165122986, -0.24918368458747864, -0.2376258224248886, -0.22606796026229858, -0.21451008319854736, -0.20295222103595734, -0.19139434397220612, -0.1798364818096161, -0.16827860474586487, -0.15672074258327484, -0.14516288042068481, -0.1336050033569336, -0.12204713374376297, -0.11048926413059235, -0.09893140196800232, -0.0873735323548317, -0.07581566274166107, -0.06425779312849045, -0.052699923515319824, -0.0411420539021492, -0.029584186151623726, -0.01802631840109825, -0.0064684487879276276, 0.005089419893920422, 0.01664728857576847, 0.028205156326293945, 0.03976302593946457, 0.05132089555263519, 0.06287876516580582, 0.07443663477897644, 0.08599449694156647, 0.09755236655473709, 0.10911023616790771, 0.12066810578107834, 0.13222597539424896, 0.143783837556839, 0.1553417146205902, 0.16689957678318024, 0.17845745384693146, 0.19001531600952148, 0.2015731930732727, 0.21313105523586273, 0.22468891739845276, 0.23624679446220398, 0.247804656624794, 0.25936251878738403, 0.27092039585113525, 0.2824782729148865, 0.2940361499786377, 0.30559399724006653, 0.31715187430381775]}, "parameters/graph_4ff3.weight": {"_type": "histogram", "values": [1.0, 0.0, 1.0, 1.0, 0.0, 1.0, 0.0, 0.0, 1.0, 2.0, 0.0, 0.0, 0.0, 0.0, 1.0, 1.0, 2.0, 1.0, 1.0, 3.0, 1.0, 5.0, 7.0, 11.0, 23.0, 33.0, 29.0, 38.0, 30.0, 30.0, 36.0, 86.0, 737.0, 3482.0, 4572.0, 4982.0, 5019.0, 5355.0, 5784.0, 4000.0, 1634.0, 1401.0, 1162.0, 915.0, 464.0, 37.0, 8.0, 3.0, 7.0, 7.0, 6.0, 6.0, 13.0, 24.0, 15.0, 15.0, 4.0, 2.0, 0.0, 0.0, 0.0, 0.0, 0.0, 1.0],