{"_wandb": {"runtime": 10}, "parameters/graph_4ff1.weight": {"_type": "histogram", "values": [3.0, 1.0, 3.0, 4.0, 7.0, 6.0, 8.0, 6.0, 11.0, 32.0, 32.0, 49.0, 62.0, 89.0, 122.0, 146.0, 168.0, 240.0, 333.0, 469.0, 581.0, 725.0, 1109.0, 1742.0, 2058.0, 2023.0, 1792.0, 1431.0, 764.0, 359.0, 192.0, 98.0, 98.0, 60.0, 40.0, 30.0, 18.0, 9.0, 9.0, 13.0, 9.0, 4.0, 9.0, 6.0, 6.0, 4.0, 3.0, 3.0, 1.0, 2.0, 1.0, 0.0, 0.0, 4.0, 1.0, 1.0, 1.0, 0.0, 0.0, 1.0, 0.0, 1.0, 0.0, 1.0], "bins": [-1.1646212339401245, -1.1176741123199463, -1.070726990699768, -1.0237798690795898, -0.9768327474594116, -0.9298856258392334, -0.8829385042190552, -0.835991382598877, -0.7890442609786987, -0.7420970797538757, -0.6951499581336975, -0.6482028365135193, -0.6012557148933411, -0.5543085932731628, -0.5073614716529846, -0.4604143500328064, -0.4134672284126282, -0.36652010679244995, -0.31957298517227173, -0.2726258635520935, -0.2256787270307541, -0.17873160541057587, -0.13178446888923645, -0.08483734726905823, -0.037890225648880005, 0.009056899696588516, 0.05600402504205704, 0.10295115411281586, 0.14989827573299408, 0.1968453973531723, 0.24379253387451172, 0.29073965549468994, 0.33768677711486816, 0.3846338987350464, 0.4315810203552246, 0.47852814197540283, 0.525475263595581, 0.5724223852157593, 0.6193695068359375, 0.6663166284561157, 0.713263750076294, 0.7602109313011169, 0.8071580529212952, 0.8541051745414734, 0.9010522961616516, 0.9479994177818298, 0.9949465394020081, 1.0418936014175415, 1.0888407230377197, 1.1357879638671875, 1.1827350854873657, 1.229682207107544, 1.2766293287277222, 1.3235764503479004, 1.3705235719680786, 1.4174706935882568, 1.464417815208435, 1.5113649368286133, 1.5583120584487915, 1.6052591800689697, 1.652206301689148, 1.6991534233093262, 1.7461005449295044, 1.7930476665496826, 1.8399947881698608]}, "_timestamp": 1710872425.7137923, "parameters/graph_4ff1.bias": {"_type": "histogram", "values": [1.0, 0.0, 0.0, 0.0, 0.0, 1.0, 1.0, 2.0, 1.0, 2.0, 1.0, 2.0, 2.0, 3.0, 3.0, 2.0, 2.0, 8.0, 9.0, 9.0, 13.0, 14.0, 12.0, 14.0, 9.0, 16.0, 20.0, 15.0, 9.0, 8.0, 2.0, 2.0, 1.0, 2.0, 2.0, 2.0, 0.0, 0.0, 0.0, 0.0, 1.0, 0.0, 2.0, 2.0, 1.0, 0.0, 0.0, 2.0, 1.0, 0.0, 0.0, 0.0, 0.0, 0.0, 0.0, 0.0, 0.0, 0.0, 0.0, 0.0, 0.0, 0.0, 0.0, 1.0], "bins": [-0.7880863547325134, -0.757042407989502, -0.7259984612464905, -0.6949544548988342, -0.6639105081558228, -0.6328665614128113, -0.6018226146697998, -0.5707786679267883, -0.5397347211837769, -0.5086907148361206, -0.47764676809310913, -0.44660282135009766, -0.4155588746070862, -0.3845148980617523, -0.35347095131874084, -0.322426974773407, -0.2913830280303955, -0.26033908128738403, -0.22929510474205017, -0.1982511579990387, -0.16720719635486603, -0.13616323471069336, -0.10511928051710129, -0.07407532632350922, -0.04303136467933655, -0.011987406760454178, 0.019056551158428192, 0.05010050907731056, 0.08114446699619293, 0.1121884286403656, 0.14323237538337708, 0.17427633702754974, 0.2053203582763672, 0.23636431992053986, 0.2674082815647125, 0.298452228307724, 0.32949620485305786, 0.36054015159606934, 0.3915840983390808, 0.4226280748844147, 0.45367202162742615, 0.4847159683704376, 0.5157599449157715, 0.546803891658783, 0.5778478384017944, 0.6088917851448059, 0.6399357914924622, 0.6709797382354736, 0.7020236849784851, 0.7330676317214966, 0.7641115784645081, 0.7951555848121643, 0.8261995315551758, 0.8572434782981873, 0.8882874250411987, 0.9193313717842102, 0.9503753185272217, 0.9814193248748779, 1.0124632120132446, 1.0435072183609009, 1.0745512247085571, 1.1055951118469238, 1.13663911819458, 1.1676830053329468, 1.198727011680603]}, "parameters/graph_4ff2.weight": {"_type": "histogram", "values": [1.0, 0.0, 0.0, 0.0, 0.0, 0.0, 0.0, 0.0, 0.0, 1.0, 0.0, 0.0, 0.0, 0.0, 0.0, 1.0, 0.0, 0.0, 0.0, 2.0, 1.0, 0.0, 1.0, 1.0, 0.0, 2.0, 2.0, 2.0, 3.0, 0.0, 3.0, 1.0, 3.0, 5.0, 19.0, 15.0, 19.0, 36.0, 128.0, 280.0, 369.0, 405.0, 609.0, 2882.0, 10921.0, 13723.0, 8347.0, 1757.0, 320.0, 52.0, 19.0, 20.0, 10.0, 12.0, 4.0, 4.0, 6.0, 4.0, 3.0, 2.0, 2.0, 1.0, 0.0, 2.0], "bins": [-2.550537347793579, -2.495405673980713, -2.440274238586426, -2.3851425647735596, -2.3300108909606934, -2.274879217147827, -2.21974778175354, -2.164616107940674, -2.1094844341278076, -2.0543529987335205, -1.9992213249206543, -1.944089651107788, -1.8889580965042114, -1.8338264226913452, -1.7786948680877686, -1.7235631942749023, -1.6684316396713257, -1.613300085067749, -1.5581684112548828, -1.5030368566513062, -1.44790518283844, -1.3927736282348633, -1.337641954421997, -1.2825103998184204, -1.2273788452148438, -1.1722471714019775, -1.1171156167984009, -1.0619839429855347, -1.006852388381958, -0.9517207741737366, -0.8965891599655151, -0.8414575457572937, -0.7863260507583618, -0.7311944365501404, -0.676062822341919, -0.6209312081336975, -0.5657995939254761, -0.5106680393218994, -0.455536425113678, -0.40040481090545654, -0.3452731966972351, -0.29014158248901367, -0.23500998318195343, -0.1798783838748932, -0.12474676966667175, -0.06961516290903091, -0.014483556151390076, 0.04064805060625076, 0.0957796573638916, 0.15091127157211304, 0.20604287087917328, 0.2611744701862335, 0.31630608439445496, 0.3714376986026764, 0.42656928300857544, 0.4817008972167969, 0.5368325114250183, 0.5919641256332397, 0.6470957398414612, 0.7022273540496826, 0.7573589086532593, 0.8124905228614807, 0.8676221370697021, 0.9227537512779236, 0.977885365486145]}, "parameters/graph_4ff2.bias": {"_type": "histogram", "values": [1.0, 0.0, 0.0, 0.0, 0.0, 0.0, 0.0, 0.0, 1.0, 0.0, 0.0, 0.0, 0.0, 0.0, 2.0, 0.0, 0.0, 0.0, 2.0, 0.0, 0.0, 2.0, 0.0, 0.0, 0.0, 1.0, 1.0, 2.0, 4.0, 12.0, 16.0, 39.0, 20.0, 19.0, 25.0, 14.0, 21.0, 7.0, 5.0, 0.0, 2.0, 0.0, 1.0, 0.0, 1.0, 0.0, 1.0, 0.0, 0.0, 0.0, 0.0, 0.0, 0.0, 0.0, 0.0, 0.0, 0.0, 0.0, 0.0, 0.0, 0.0, 0.0, 0.0, 1.0], "bins": [-0.6200212836265564, -0.6030237674713135, -0.5860261917114258, -0.5690286755561829, -0.5520311594009399, -0.5350335836410522, -0.5180360674858093, -0.5010385513305664, -0.4840409755706787, -0.4670434594154358, -0.4500459134578705, -0.4330483675003052, -0.41605085134506226, -0.39905330538749695, -0.38205575942993164, -0.3650582432746887, -0.3480606973171234, -0.3310631513595581, -0.3140656352043152, -0.2970680892467499, -0.28007054328918457, -0.26307302713394165, -0.24607548117637634, -0.22907793521881104, -0.21208040416240692, -0.1950828731060028, -0.1780853271484375, -0.1610877960920334, -0.14409026503562927, -0.12709271907806396, -0.11009518802165985, -0.09309764951467514, -0.07610011100769043, -0.05910257250070572, -0.04210503771901131, -0.025107501074671745, -0.008109964430332184, 0.008887572214007378, 0.02588510885834694, 0.04288264364004135, 0.05988018214702606, 0.07687772065401077, 0.09387525916099548, 0.1108727902173996, 0.1278703212738037, 0.14486786723136902, 0.16186539828777313, 0.17886294424533844, 0.19586047530174255, 0.21285800635814667, 0.22985555231571198, 0.2468530833721161, 0.2638506293296814, 0.2808481454849243, 0.2978456914424896, 0.31484323740005493, 0.33184075355529785, 0.34883829951286316, 0.36583584547042847, 0.3828333914279938, 0.3998309075832367, 0.416828453540802, 0.4338259994983673, 0.45082351565361023, 0.46782106161117554]}, "parameters/graph_4ff3.weight": {"_type": "histogram", "values": [1.0, 0.0, 0.0, 0.0, 0.0, 0.0, 0.0, 0.0, 0.0, 0.0, 0.0, 0.0, 0.0, 0.0, 0.0, 0.0, 1.0, 0.0, 0.0, 0.0, 0.0, 0.0, 0.0, 0.0, 1.0, 0.0, 0.0, 0.0, 1.0, 0.0, 0.0, 2.0, 3.0, 0.0, 4.0, 2.0, 3.0, 8.0, 7.0, 8.0, 30.0, 81.0, 112.0, 133.0, 331.0, 3280.0, 7857.0, 9203.0, 9725.0, 4817.0, 2535.0, 1415.0, 208.0, 42.0, 27.0, 23.0, 50.0, 47.0, 28.0, 10.0, 2.0, 0.0, 1.0, 2.0],