{"parameters/graph_7conv1.weight": {"_type": "histogram", "values": [1.0, 0.0, 0.0, 0.0, 1.0, 0.0, 2.0, 1.0, 8.0, 3.0, 3.0, 6.0, 6.0, 15.0, 23.0, 24.0, 55.0, 51.0, 60.0, 72.0, 108.0, 83.0, 101.0, 136.0, 172.0, 249.0, 282.0, 258.0, 307.0, 320.0, 293.0, 310.0, 258.0, 287.0, 223.0, 246.0, 215.0, 220.0, 169.0, 147.0, 146.0, 152.0, 112.0, 64.0, 32.0, 31.0, 26.0, 25.0, 21.0, 15.0, 9.0, 14.0, 14.0, 9.0, 4.0, 2.0, 3.0, 1.0, 1.0, 0.0, 2.0, 0.0, 0.0, 2.0], "bins": [-0.6923590898513794, -0.6711021065711975, -0.6498451232910156, -0.628588080406189, -0.6073310971260071, -0.5860741138458252, -0.5648171305656433, -0.5435601472854614, -0.5223031044006348, -0.5010461211204529, -0.479789137840271, -0.4585321545600891, -0.4372751712799072, -0.41601815819740295, -0.39476117491722107, -0.3735041618347168, -0.3522471785545349, -0.330990195274353, -0.30973318219184875, -0.28847619891166687, -0.2672191858291626, -0.2459622025489807, -0.22470521926879883, -0.20344822108745575, -0.18219122290611267, -0.1609342247247696, -0.1396772265434265, -0.11842024326324463, -0.09716324508190155, -0.07590624690055847, -0.05464925616979599, -0.03339226171374321, -0.01213526725769043, 0.00912172719836235, 0.03037872165441513, 0.05163571611046791, 0.07289271056652069, 0.09414970874786377, 0.11540669947862625, 0.13666369020938873, 0.1579206883907318, 0.1791776865720749, 0.20043468475341797, 0.22169166803359985, 0.24294866621494293, 0.264205664396286, 0.2854626476764679, 0.30671966075897217, 0.32797664403915405, 0.34923362731933594, 0.3704906404018402, 0.3917476236820221, 0.41300463676452637, 0.43426162004470825, 0.45551860332489014, 0.4767756164073944, 0.4980325996875763, 0.5192896127700806, 0.5405465960502625, 0.5618035793304443, 0.5830605626106262, 0.6043175458908081, 0.6255745887756348, 0.6468315720558167, 0.6680885553359985]}, "_timestamp": 1710872793.1484466, "parameters/graph_7conv1.bias": {"_type": "histogram", "values": [1.0, 0.0, 0.0, 0.0, 0.0, 0.0, 0.0, 0.0, 0.0, 0.0, 0.0, 0.0, 0.0, 0.0, 0.0, 0.0, 0.0, 0.0, 0.0, 0.0, 0.0, 0.0, 0.0, 0.0, 0.0, 0.0, 1.0, 1.0, 1.0, 1.0, 2.0, 4.0, 1.0, 1.0, 3.0, 1.0, 2.0, 0.0, 0.0, 3.0, 0.0, 2.0, 7.0, 4.0, 6.0, 11.0, 9.0, 8.0, 9.0, 14.0, 18.0, 29.0, 14.0, 18.0, 9.0, 9.0, 8.0, 2.0, 0.0, 0.0, 0.0, 0.0, 0.0, 1.0], "bins": [-1.6874340772628784, -1.6549937725067139, -1.6225534677505493, -1.5901131629943848, -1.5576727390289307, -1.5252324342727661, -1.4927921295166016, -1.460351824760437, -1.4279115200042725, -1.395471215248108, -1.3630307912826538, -1.3305904865264893, -1.2981501817703247, -1.2657098770141602, -1.2332695722579956, -1.200829267501831, -1.168388843536377, -1.1359485387802124, -1.1035082340240479, -1.0710679292678833, -1.0386276245117188, -1.0061873197555542, -0.9737469553947449, -0.9413066506385803, -0.908866286277771, -0.8764259815216064, -0.8439856767654419, -0.8115453720092773, -0.779105007648468, -0.7466647028923035, -0.7142243981361389, -0.6817840337753296, -0.6493436694145203, -0.6169033646583557, -0.5844630002975464, -0.5520226955413818, -0.5195823907852173, -0.48714205622673035, -0.4547017216682434, -0.42226141691207886, -0.3898210823535919, -0.357380747795105, -0.32494044303894043, -0.2925001084804535, -0.26005977392196655, -0.227619469165802, -0.19517913460731506, -0.16273881494998932, -0.13029849529266357, -0.09785817563533783, -0.06541784852743149, -0.032977525144815445, -0.0005372017621994019, 0.03190312162041664, 0.06434344500303268, 0.09678377211093903, 0.12922409176826477, 0.16166441142559052, 0.19410473108291626, 0.2265450656414032, 0.25898540019989014, 0.2914257049560547, 0.3238660395145416, 0.3563063442707062, 0.3887466788291931]}, "parameters/graph_7ff1.weight": {"_type": "histogram", "values": [1.0, 2.0, 3.0, 5.0, 3.0, 4.0, 7.0, 3.0, 2.0, 4.0, 6.0, 2.0, 8.0, 6.0, 16.0, 10.0, 13.0, 19.0, 11.0, 27.0, 45.0, 44.0, 59.0, 96.0, 126.0, 375.0, 678.0, 885.0, 970.0, 1007.0, 1057.0, 1247.0, 1160.0, 1303.0, 2076.0, 13989.0, 109142.0, 148873.0, 48378.0, 10925.0, 8990.0, 6040.0, 673.0, 295.0, 250.0, 231.0, 214.0, 198.0, 137.0, 110.0, 87.0, 65.0, 41.0, 22.0, 19.0, 11.0, 9.0, 4.0, 4.0, 4.0, 3.0, 3.0, 2.0, 1.0], "bins": [-1.129181981086731, -1.100294589996338, -1.0714070796966553, -1.0425196886062622, -1.0136322975158691, -0.9847448468208313, -0.9558573961257935, -0.9269700050354004, -0.8980825543403625, -0.8691951036453247, -0.8403077125549316, -0.8114202618598938, -0.782532811164856, -0.7536454200744629, -0.724757969379425, -0.695870578289032, -0.6669831275939941, -0.6380956768989563, -0.6092082858085632, -0.5803208351135254, -0.5514334440231323, -0.5225459933280945, -0.49365854263305664, -0.4647711217403412, -0.43588370084762573, -0.4069962799549103, -0.3781088590621948, -0.349221408367157, -0.32033398747444153, -0.2914465665817261, -0.26255911588668823, -0.23367169499397278, -0.20478421449661255, -0.1758967936038971, -0.14700935781002045, -0.1181219294667244, -0.08923450112342834, -0.060347072780132294, -0.03145964443683624, -0.0025722160935401917, 0.02631521224975586, 0.05520264059305191, 0.08409006893634796, 0.11297749727964401, 0.14186492562294006, 0.17075234651565552, 0.19963978230953217, 0.2285272181034088, 0.25741463899612427, 0.2863020598888397, 0.3151894807815552, 0.344076931476593, 0.37296435236930847, 0.4018517732620239, 0.43073922395706177, 0.4596266448497772, 0.4885140657424927, 0.5174015164375305, 0.5462889075279236, 0.5751763582229614, 0.6040637493133545, 0.6329512000083923, 0.6618386507034302, 0.6907260417938232, 0.7196134924888611]}, "parameters/graph_7ff1.bias": {"_type": "histogram", "values": [1.0, 1.0, 0.0, 0.0, 0.0, 0.0, 0.0, 0.0, 0.0, 0.0, 0.0, 1.0, 1.0, 0.0, 0.0, 0.0, 0.0, 0.0, 0.0, 1.0, 1.0, 12.0, 32.0, 46.0, 31.0, 35.0, 22.0, 8.0, 1.0, 0.0, 2.0, 1.0, 0.0, 0.0, 1.0, 0.0, 0.0, 0.0, 1.0, 1.0, 0.0, 0.0, 0.0, 0.0, 0.0, 0.0, 0.0, 0.0, 0.0, 0.0, 0.0, 0.0, 0.0, 0.0, 0.0, 0.0, 0.0, 0.0, 0.0, 0.0, 0.0, 0.0, 0.0, 1.0], "bins": [-0.3633979856967926, -0.35049140453338623, -0.33758482336997986, -0.3246782422065735, -0.3117716312408447, -0.29886505007743835, -0.285958468914032, -0.2730518877506256, -0.26014530658721924, -0.24723872542381287, -0.2343321442604065, -0.22142554819583893, -0.20851896703243256, -0.19561238586902618, -0.18270578980445862, -0.16979920864105225, -0.15689262747764587, -0.1439860463142395, -0.13107946515083313, -0.11817286908626556, -0.10526628792285919, -0.09235970675945282, -0.07945311814546585, -0.06654652953147888, -0.05363994836807251, -0.04073336347937584, -0.02782677859067917, -0.014920193701982498, -0.0020136088132858276, 0.010892976075410843, 0.023799560964107513, 0.036706145852804184, 0.04961270093917847, 0.06251928210258484, 0.07542587071657181, 0.08833245933055878, 0.10123904049396515, 0.11414562165737152, 0.1270522177219391, 0.13995879888534546, 0.15286538004875183, 0.1657719612121582, 0.17867854237556458, 0.19158513844013214, 0.2044917196035385, 0.21739830076694489, 0.23030489683151245, 0.24321147799491882, 0.2561180591583252, 0.26902464032173157, 0.28193122148513794, 0.2948378026485443, 0.3077443838119507, 0.32065099477767944, 0.3335575759410858, 0.3464641571044922, 0.35937073826789856, 0.37227731943130493, 0.3851839005947113, 0.3980904817581177, 0.41099709272384644, 0.4239036738872528, 0.4368102550506592, 0.44971683621406555, 0.4626234173774719]}, "parameters/graph_7ff2.weight": {"_type": "histogram", "values": [1.0, 0.0, 0.0, 0.0, 0.0, 0.0, 0.0, 0.0, 0.0, 0.0, 0.0, 1.0, 0.0, 0.0, 2.0, 1.0, 1.0, 2.0, 0.0, 4.0, 1.0, 4.0, 4.0, 18.0, 26.0, 23.0, 71.0, 76.0, 97.0, 683.0, 8192.0, 10526.0, 11927.0, 4801.0, 2609.0, 816.0, 16.0, 15.0, 13.0, 32.0, 19.0, 11.0, 1.0, 0.0, 1.0, 1.0, 0.0, 1.0, 0.0, 0.0, 0.0, 1.0, 1.0, 0.0, 0.0, 0.0, 1.0, 0.0, 0.0, 0.0, 0.0, 0.0, 0.0, 1.0],