{"parameters/graph_6ff1.weight": {"_type": "histogram", "values": [1.0, 1.0, 21.0, 26.0, 33.0, 80.0, 215.0, 219.0, 204.0, 221.0, 196.0, 205.0, 209.0, 197.0, 211.0, 213.0, 226.0, 229.0, 241.0, 212.0, 284.0, 362.0, 349.0, 387.0, 411.0, 413.0, 388.0, 414.0, 397.0, 406.0, 411.0, 423.0, 413.0, 439.0, 388.0, 406.0, 401.0, 420.0, 404.0, 417.0, 366.0, 365.0, 380.0, 277.0, 182.0, 169.0, 174.0, 169.0, 182.0, 171.0, 204.0, 155.0, 175.0, 148.0, 160.0, 152.0, 173.0, 166.0, 66.0, 31.0, 26.0, 12.0, 2.0, 2.0], "bins": [-0.19562193751335144, -0.18951278924942017, -0.18340365588665009, -0.17729452252388, -0.17118537425994873, -0.16507622599601746, -0.15896709263324738, -0.1528579592704773, -0.14674881100654602, -0.14063966274261475, -0.13453052937984467, -0.12842139601707458, -0.12231224775314331, -0.11620310693979263, -0.11009396612644196, -0.10398482531309128, -0.0978756844997406, -0.09176654368638992, -0.08565740287303925, -0.07954826205968857, -0.07343912124633789, -0.06732998043298721, -0.061220839619636536, -0.05511169880628586, -0.04900255799293518, -0.0428934171795845, -0.036784276366233826, -0.030675135552883148, -0.02456599473953247, -0.018456853926181793, -0.012347713112831116, -0.006238572299480438, -0.0001294463872909546, 0.005979694426059723, 0.0120888352394104, 0.018197976052761078, 0.024307116866111755, 0.030416257679462433, 0.03652539849281311, 0.04263453930616379, 0.048743680119514465, 0.05485282093286514, 0.06096196174621582, 0.0670711025595665, 0.07318024337291718, 0.07928938418626785, 0.08539852499961853, 0.09150766581296921, 0.09761680662631989, 0.10372594743967056, 0.10983508825302124, 0.11594422906637192, 0.1220533698797226, 0.12816250324249268, 0.13427165150642395, 0.14038079977035522, 0.1464899331331253, 0.15259906649589539, 0.15870821475982666, 0.16481736302375793, 0.17092649638652802, 0.1770356297492981, 0.18314477801322937, 0.18925392627716064, 0.19536305963993073]}, "_timestamp": 1710819521.0912583, "parameters/graph_6ff1.bias": {"_type": "histogram", "values": [2.0, 2.0, 0.0, 2.0, 5.0, 12.0, 7.0, 3.0, 5.0, 7.0, 6.0, 5.0, 6.0, 1.0, 3.0, 4.0, 3.0, 4.0, 4.0, 2.0, 6.0, 6.0, 6.0, 4.0, 4.0, 3.0, 4.0, 4.0, 7.0, 4.0, 5.0, 10.0, 3.0, 4.0, 4.0, 6.0, 2.0, 1.0, 1.0, 2.0, 3.0, 2.0, 3.0, 2.0, 5.0, 1.0, 3.0, 5.0, 1.0, 2.0, 2.0, 0.0, 0.0, 0.0, 0.0, 0.0, 1.0, 0.0, 0.0, 0.0, 0.0, 0.0, 0.0, 1.0], "bins": [-0.17993657290935516, -0.17497341334819794, -0.17001023888587952, -0.1650470793247223, -0.16008391976356506, -0.15512074530124664, -0.15015758574008942, -0.145194411277771, -0.14023125171661377, -0.13526809215545654, -0.13030491769313812, -0.1253417581319809, -0.12037859112024307, -0.11541542410850525, -0.11045226454734802, -0.1054890975356102, -0.10052593052387238, -0.09556276351213455, -0.09059959650039673, -0.0856364369392395, -0.08067326992750168, -0.07571010291576385, -0.07074694335460663, -0.0657837763428688, -0.06082060933113098, -0.05585744231939316, -0.05089427903294563, -0.04593111574649811, -0.040967948734760284, -0.03600478172302246, -0.031041618436574936, -0.02607845328748226, -0.021115288138389587, -0.016152122989296913, -0.011188957840204239, -0.006225792691111565, -0.0012626275420188904, 0.003700537607073784, 0.008663702756166458, 0.013626867905259132, 0.018590033054351807, 0.02355319820344448, 0.028516363352537155, 0.03347952663898468, 0.038442693650722504, 0.04340586066246033, 0.04836902394890785, 0.05333218723535538, 0.0582953542470932, 0.06325852125883102, 0.06822168827056885, 0.07318484783172607, 0.0781480148434639, 0.08311118185520172, 0.08807434141635895, 0.09303750842809677, 0.0980006754398346, 0.10296384245157242, 0.10792700946331024, 0.11289016902446747, 0.11785333603620529, 0.12281650304794312, 0.12777966260910034, 0.13274283707141876, 0.137705996632576]}, "parameters/graph_6ff2.weight": {"_type": "histogram", "values": [2.0, 2.0, 0.0, 3.0, 2.0, 2.0, 4.0, 3.0, 13.0, 48.0, 77.0, 134.0, 298.0, 533.0, 710.0, 767.0, 1310.0, 1448.0, 1403.0, 1545.0, 1467.0, 1474.0, 1537.0, 1509.0, 1500.0, 1478.0, 1496.0, 1508.0, 1552.0, 1459.0, 1534.0, 1508.0, 1561.0, 1468.0, 1475.0, 1498.0, 1349.0, 1358.0, 1246.0, 1074.0, 863.0, 804.0, 546.0, 83.0, 47.0, 45.0, 42.0, 31.0, 29.0, 18.0, 15.0, 17.0, 13.0, 20.0, 17.0, 10.0, 9.0, 8.0, 10.0, 5.0, 3.0, 4.0, 2.0, 4.0], "bins": [-0.2022613286972046, -0.19693252444267273, -0.19160372018814087, -0.186274915933609, -0.18094611167907715, -0.1756173074245453, -0.17028850317001343, -0.16495969891548157, -0.1596308946609497, -0.15430209040641785, -0.148973286151886, -0.14364448189735413, -0.13831567764282227, -0.1329868733882904, -0.12765806913375854, -0.12232926487922668, -0.11700046062469482, -0.11167165637016296, -0.1063428521156311, -0.10101404786109924, -0.09568524360656738, -0.09035643935203552, -0.08502763509750366, -0.0796988308429718, -0.07437002658843994, -0.06904122233390808, -0.06371241807937622, -0.05838361382484436, -0.0530548095703125, -0.04772600531578064, -0.04239720106124878, -0.03706839680671692, -0.03173960745334625, -0.026410803198814392, -0.021081998944282532, -0.01575319468975067, -0.010424390435218811, -0.005095586180686951, 0.00023321807384490967, 0.00556202232837677, 0.01089082658290863, 0.01621963083744049, 0.02154843509197235, 0.02687723934650421, 0.03220604360103607, 0.03753484785556793, 0.04286365211009979, 0.04819245636463165, 0.05352126061916351, 0.058850064873695374, 0.06417886912822723, 0.0695076733827591, 0.07483647763729095, 0.08016528189182281, 0.08549408614635468, 0.09082289040088654, 0.0961516946554184, 0.10148049890995026, 0.10680930316448212, 0.11213810741901398, 0.11746691167354584, 0.1227957159280777, 0.12812452018260956, 0.13345332443714142, 0.13878212869167328]}, "parameters/graph_6ff2.bias": {"_type": "histogram", "values": [1.0, 0.0, 1.0, 1.0, 0.0, 1.0, 2.0, 2.0, 5.0, 2.0, 4.0, 4.0, 1.0, 7.0, 8.0, 2.0, 7.0, 5.0, 9.0, 2.0, 6.0, 5.0, 3.0, 2.0, 10.0, 3.0, 7.0, 2.0, 3.0, 3.0, 9.0, 4.0, 8.0, 4.0, 4.0, 7.0, 3.0, 3.0, 4.0, 5.0, 6.0, 8.0, 0.0, 6.0, 8.0, 0.0, 2.0, 3.0, 4.0, 2.0, 1.0, 0.0, 0.0, 0.0, 0.0, 0.0, 0.0, 0.0, 0.0, 0.0, 0.0, 0.0, 0.0, 1.0], "bins": [-0.1523813158273697, -0.1488906890153885, -0.1454000622034073, -0.1419094353914261, -0.13841882348060608, -0.13492819666862488, -0.13143756985664368, -0.12794694304466248, -0.12445631623268127, -0.12096568942070007, -0.11747506260871887, -0.11398444324731827, -0.11049381643533707, -0.10700318962335587, -0.10351257026195526, -0.10002194344997406, -0.09653131663799286, -0.09304068982601166, -0.08955006301403046, -0.08605944365262985, -0.08256881684064865, -0.07907819002866745, -0.07558757066726685, -0.07209694385528564, -0.06860631704330444, -0.06511569023132324, -0.06162506714463234, -0.05813444405794144, -0.054643817245960236, -0.051153190433979034, -0.04766256734728813, -0.04417194426059723, -0.04068130999803543, -0.03719068318605423, -0.03370006009936333, -0.030209435150027275, -0.026718810200691223, -0.02322818525135517, -0.01973756030201912, -0.016246935352683067, -0.012756310403347015, -0.009265685454010963, -0.0057750605046749115, -0.0022844355553388596, 0.0012061893939971924, 0.004696814343333244, 0.008187439292669296, 0.011678064242005348, 0.0151686891913414, 0.018659314140677452, 0.022149939090013504, 0.025640564039349556, 0.029131188988685608, 0.03262181580066681, 0.03611243888735771, 0.039603061974048615, 0.043093688786029816, 0.04658431559801102, 0.05007493868470192, 0.05356556177139282, 0.05705618858337402, 0.060546815395355225, 0.06403744220733643, 0.06752806156873703, 0.07101868838071823]}, "parameters/graph_6ff3.weight": {"_type": "histogram", "values": [1.0, 0.0, 0.0, 0.0, 0.0, 0.0, 0.0, 0.0, 0.0, 0.0, 0.0, 0.0, 1.0, 1.0, 1.0, 3.0, 15.0, 22.0, 34.0, 352.0, 727.0, 781.0, 1347.0, 1402.0, 1491.0, 1316.0, 1408.0, 1345.0, 1451.0, 1432.0, 1402.0, 1486.0, 1470.0, 1429.0, 1476.0, 1482.0, 1545.0, 1550.0, 1573.0, 1753.0, 1732.0, 1702.0, 1341.0, 1040.0, 889.0, 415.0, 379.0, 366.0, 344.0, 362.0, 335.0, 317.0, 340.0, 295.0, 283.0, 310.0, 269.0, 252.0, 233.0, 197.0, 190.0, 106.0, 6.0, 1.0],