{"_wandb": {"runtime": 10}, "parameters/graph_16ff1.weight": {"_type": "histogram", "values": [3.0, 0.0, 2.0, 0.0, 1.0, 16.0, 32.0, 28.0, 117.0, 149.0, 165.0, 170.0, 181.0, 165.0, 160.0, 168.0, 183.0, 203.0, 182.0, 160.0, 178.0, 179.0, 268.0, 365.0, 375.0, 403.0, 455.0, 432.0, 433.0, 441.0, 493.0, 437.0, 468.0, 417.0, 427.0, 456.0, 421.0, 438.0, 438.0, 419.0, 407.0, 413.0, 398.0, 382.0, 288.0, 231.0, 240.0, 242.0, 227.0, 215.0, 225.0, 226.0, 178.0, 220.0, 226.0, 207.0, 224.0, 206.0, 125.0, 29.0, 26.0, 21.0, 9.0, 7.0], "bins": [-0.21551655232906342, -0.2090829461812973, -0.2026493400335312, -0.19621573388576508, -0.18978211283683777, -0.18334850668907166, -0.17691490054130554, -0.17048129439353943, -0.16404768824577332, -0.1576140820980072, -0.1511804610490799, -0.14474685490131378, -0.13831324875354767, -0.13187964260578156, -0.12544603645801544, -0.11901242285966873, -0.11257881671190262, -0.1061452105641365, -0.0997115969657898, -0.09327799081802368, -0.08684438467025757, -0.08041077107191086, -0.07397716492414474, -0.06754355877637863, -0.06110994890332222, -0.05467633903026581, -0.048242732882499695, -0.04180912300944328, -0.03537551313638687, -0.028941906988620758, -0.022508297115564346, -0.016074689105153084, -0.009641081094741821, -0.0032074726186692715, 0.0032261358574032784, 0.009659744799137115, 0.016093352809548378, 0.02252696081995964, 0.028960570693016052, 0.035394176840782166, 0.04182778671383858, 0.04826139658689499, 0.0546950027346611, 0.061128612607717514, 0.06756222248077393, 0.07399582862854004, 0.08042943477630615, 0.08686304837465286, 0.09329665452241898, 0.09973026067018509, 0.1061638742685318, 0.11259748041629791, 0.11903108656406403, 0.12546469271183014, 0.13189829885959625, 0.13833191990852356, 0.14476552605628967, 0.1511991322040558, 0.1576327383518219, 0.164066344499588, 0.17049995064735413, 0.17693357169628143, 0.18336717784404755, 0.18980078399181366, 0.19623439013957977]}, "_timestamp": 1710709108.7918618, "parameters/graph_16ff1.bias": {"_type": "histogram", "values": [4.0, 2.0, 1.0, 3.0, 2.0, 0.0, 1.0, 7.0, 1.0, 2.0, 2.0, 0.0, 6.0, 4.0, 5.0, 3.0, 7.0, 2.0, 1.0, 5.0, 2.0, 4.0, 4.0, 2.0, 4.0, 10.0, 4.0, 6.0, 3.0, 4.0, 4.0, 5.0, 3.0, 3.0, 6.0, 1.0, 4.0, 5.0, 4.0, 2.0, 3.0, 2.0, 5.0, 0.0, 7.0, 2.0, 1.0, 3.0, 3.0, 5.0, 2.0, 2.0, 0.0, 1.0, 2.0, 3.0, 1.0, 3.0, 5.0, 3.0, 2.0, 2.0, 1.0, 4.0], "bins": [-0.1818261593580246, -0.17790061235427856, -0.17397508025169373, -0.1700495332479477, -0.16612398624420166, -0.16219845414161682, -0.1582729071378708, -0.15434736013412476, -0.15042182803153992, -0.14649628102779388, -0.14257073402404785, -0.13864518702030182, -0.13471965491771698, -0.13079410791397095, -0.12686856091022491, -0.12294302135705948, -0.11901748180389404, -0.11509194225072861, -0.11116639524698257, -0.10724085569381714, -0.1033153086900711, -0.09938976913690567, -0.09546422958374023, -0.0915386825799942, -0.08761314302682877, -0.08368760347366333, -0.0797620564699173, -0.07583651691675186, -0.07191097736358643, -0.0679854303598404, -0.06405989080667496, -0.06013434752821922, -0.05620881915092468, -0.05228327587246895, -0.048357732594013214, -0.04443219304084778, -0.040506649762392044, -0.03658110648393631, -0.032655566930770874, -0.02873002365231514, -0.024804480373859406, -0.02087893709540367, -0.016953395679593086, -0.013027853332459927, -0.009102310985326767, -0.005176768638193607, -0.0012512262910604477, 0.002674316056072712, 0.006599858403205872, 0.010525400750339031, 0.01445094309747219, 0.018376484513282776, 0.02230202779173851, 0.026227571070194244, 0.03015311248600483, 0.034078653901815414, 0.03800419718027115, 0.04192974045872688, 0.04585528373718262, 0.04978082329034805, 0.05370636656880379, 0.05763190984725952, 0.06155744940042496, 0.06548299640417099, 0.06940853595733643]}, "parameters/graph_16ff2.weight": {"_type": "histogram", "values": [2.0, 1.0, 4.0, 14.0, 61.0, 91.0, 132.0, 333.0, 556.0, 766.0, 827.0, 1085.0, 1303.0, 1304.0, 1331.0, 1367.0, 1350.0, 1371.0, 1436.0, 1354.0, 1353.0, 1403.0, 1331.0, 1448.0, 1372.0, 1411.0, 1442.0, 1415.0, 1350.0, 1409.0, 1384.0, 1375.0, 1381.0, 1402.0, 1319.0, 1124.0, 891.0, 693.0, 644.0, 581.0, 94.0, 57.0, 51.0, 42.0, 40.0, 26.0, 47.0, 22.0, 27.0, 27.0, 18.0, 25.0, 15.0, 13.0, 14.0, 20.0, 14.0, 10.0, 5.0, 8.0, 5.0, 1.0, 2.0, 1.0], "bins": [-0.17352977395057678, -0.16855479776859283, -0.1635798215866089, -0.15860484540462494, -0.153629869222641, -0.14865489304065704, -0.1436799168586731, -0.13870494067668915, -0.1337299644947052, -0.12875500321388245, -0.1237800195813179, -0.11880504339933395, -0.1138300746679306, -0.10885509848594666, -0.10388012230396271, -0.09890514612197876, -0.09393016993999481, -0.08895519375801086, -0.08398021757602692, -0.07900524139404297, -0.07403026521205902, -0.06905529648065567, -0.06408032029867172, -0.059105344116687775, -0.05413036793470383, -0.04915539175271988, -0.04418041557073593, -0.03920544311404228, -0.034230466932058334, -0.029255490750074387, -0.024280516430735588, -0.01930554211139679, -0.014330551028251648, -0.009355575777590275, -0.004380600526928902, 0.0005943747237324715, 0.005569349974393845, 0.010544325225055218, 0.015519300475716591, 0.02049427479505539, 0.025469250977039337, 0.030444227159023285, 0.03541920334100723, 0.04039417579770088, 0.04536915197968483, 0.05034412816166878, 0.05531910061836243, 0.060294076800346375, 0.06526905298233032, 0.07024402916431427, 0.07521900534629822, 0.08019398152828217, 0.08516895771026611, 0.09014392644166946, 0.09511890262365341, 0.10009387880563736, 0.10506885498762131, 0.11004383116960526, 0.1150188073515892, 0.11999378353357315, 0.1249687522649765, 0.12994372844696045, 0.1349187046289444, 0.13989368081092834, 0.1448686569929123]}, "parameters/graph_16ff2.bias": {"_type": "histogram", "values": [1.0, 1.0, 0.0, 1.0, 2.0, 2.0, 0.0, 0.0, 2.0, 1.0, 2.0, 1.0, 3.0, 5.0, 1.0, 2.0, 1.0, 4.0, 7.0, 4.0, 3.0, 3.0, 2.0, 8.0, 3.0, 7.0, 4.0, 6.0, 4.0, 1.0, 6.0, 5.0, 4.0, 4.0, 5.0, 6.0, 5.0, 1.0, 3.0, 5.0, 2.0, 2.0, 3.0, 4.0, 4.0, 3.0, 4.0, 6.0, 4.0, 4.0, 2.0, 3.0, 5.0, 5.0, 3.0, 4.0, 2.0, 3.0, 2.0, 1.0, 2.0, 1.0, 3.0, 3.0], "bins": [-0.1509065181016922, -0.14816030859947205, -0.14541411399841309, -0.14266790449619293, -0.13992170989513397, -0.13717550039291382, -0.13442930579185486, -0.1316830962896347, -0.12893690168857574, -0.1261906921863556, -0.12344449758529663, -0.12069829553365707, -0.11795209348201752, -0.11520589143037796, -0.1124596893787384, -0.10971348732709885, -0.10696728527545929, -0.10422107577323914, -0.10147487372159958, -0.09872867166996002, -0.09598246961832047, -0.09323626756668091, -0.09049006551504135, -0.0877438634634018, -0.08499766141176224, -0.08225145936012268, -0.07950525730848312, -0.07675905525684357, -0.07401285320520401, -0.07126665115356445, -0.0685204491019249, -0.06577424705028534, -0.06302803754806519, -0.06028183549642563, -0.05753563344478607, -0.054789431393146515, -0.05204322934150696, -0.0492970272898674, -0.046550825238227844, -0.04380462318658829, -0.04105842113494873, -0.038312219083309174, -0.03556601703166962, -0.03281981498003006, -0.030073612928390503, -0.027327409014105797, -0.02458120696246624, -0.021835004910826683, -0.019088802859187126, -0.01634260080754757, -0.013596398755908012, -0.010850195772945881, -0.008103993721306324, -0.005357791669666767, -0.002611589152365923, 0.0001346131321042776, 0.002880815416574478, 0.005627017468214035, 0.008373219519853592, 0.011119422502815723, 0.01386562455445528, 0.016611827537417412, 0.01935802958905697, 0.022104231640696526, 0.024850433692336082]}, "parameters/graph_16ff3.weight": {"_type": "histogram",