{"_wandb": {"runtime": 11}, "parameters/graph_6ff1.weight": {"_type": "histogram", "values": [1.0, 1.0, 21.0, 26.0, 33.0, 80.0, 215.0, 219.0, 204.0, 221.0, 196.0, 205.0, 209.0, 197.0, 211.0, 213.0, 226.0, 229.0, 241.0, 212.0, 284.0, 362.0, 349.0, 387.0, 411.0, 413.0, 388.0, 414.0, 397.0, 406.0, 411.0, 423.0, 413.0, 439.0, 388.0, 406.0, 401.0, 420.0, 404.0, 417.0, 366.0, 365.0, 380.0, 277.0, 182.0, 169.0, 174.0, 169.0, 182.0, 171.0, 204.0, 155.0, 175.0, 148.0, 160.0, 152.0, 173.0, 166.0, 66.0, 31.0, 26.0, 12.0, 2.0, 2.0], "bins": [-0.19562241435050964, -0.18951326608657837, -0.1834041178226471, -0.17729496955871582, -0.17118582129478455, -0.16507667303085327, -0.158967524766922, -0.15285837650299072, -0.14674922823905945, -0.14064007997512817, -0.1345309317111969, -0.12842178344726562, -0.12231263518333435, -0.11620348691940308, -0.1100943386554718, -0.10398519039154053, -0.09787604212760925, -0.09176689386367798, -0.0856577455997467, -0.07954859733581543, -0.07343944907188416, -0.06733030080795288, -0.061221152544021606, -0.05511200428009033, -0.04900285601615906, -0.04289370775222778, -0.03678455948829651, -0.030675411224365234, -0.02456626296043396, -0.018457114696502686, -0.012347966432571411, -0.006238818168640137, -0.00012968480587005615, 0.005979463458061218, 0.012088611721992493, 0.018197759985923767, 0.02430690824985504, 0.030416056513786316, 0.03652520477771759, 0.042634353041648865, 0.04874350130558014, 0.054852649569511414, 0.06096179783344269, 0.06707094609737396, 0.07318009436130524, 0.07928924262523651, 0.08539839088916779, 0.09150753915309906, 0.09761668741703033, 0.10372583568096161, 0.10983498394489288, 0.11594413220882416, 0.12205328047275543, 0.1281624287366867, 0.13427157700061798, 0.14038072526454926, 0.14648987352848053, 0.1525990217924118, 0.15870817005634308, 0.16481731832027435, 0.17092646658420563, 0.1770356148481369, 0.18314476311206818, 0.18925391137599945, 0.19536305963993073]}, "_timestamp": 1710819566.5782225, "parameters/graph_6ff1.bias": {"_type": "histogram", "values": [2.0, 2.0, 0.0, 2.0, 5.0, 12.0, 7.0, 3.0, 5.0, 7.0, 6.0, 5.0, 6.0, 1.0, 3.0, 4.0, 3.0, 4.0, 4.0, 2.0, 6.0, 6.0, 6.0, 4.0, 4.0, 3.0, 4.0, 4.0, 7.0, 4.0, 5.0, 10.0, 3.0, 4.0, 4.0, 6.0, 2.0, 1.0, 1.0, 2.0, 3.0, 2.0, 3.0, 2.0, 5.0, 1.0, 3.0, 5.0, 1.0, 2.0, 2.0, 0.0, 0.0, 0.0, 0.0, 0.0, 1.0, 0.0, 0.0, 0.0, 0.0, 0.0, 0.0, 1.0], "bins": [-0.17993657290935516, -0.17497296631336212, -0.17000937461853027, -0.16504576802253723, -0.1600821614265442, -0.15511856973171234, -0.1501549631357193, -0.14519137144088745, -0.1402277648448944, -0.13526415824890137, -0.13030056655406952, -0.12533695995807648, -0.12037336081266403, -0.11540976166725159, -0.11044615507125854, -0.1054825559258461, -0.10051895678043365, -0.09555535763502121, -0.09059175848960876, -0.08562815189361572, -0.08066455274820328, -0.07570095360279083, -0.07073734700679779, -0.06577374786138535, -0.0608101487159729, -0.055846549570560455, -0.05088294669985771, -0.04591934382915497, -0.04095574468374252, -0.03599214553833008, -0.031028542667627335, -0.02606494165956974, -0.021101340651512146, -0.01613773964345455, -0.011174138635396957, -0.006210537627339363, -0.0012469366192817688, 0.0037166643887758255, 0.00868026539683342, 0.013643866404891014, 0.01860746741294861, 0.023571068421006203, 0.028534669429063797, 0.03349827229976654, 0.038461871445178986, 0.04342547059059143, 0.048389073461294174, 0.05335267633199692, 0.05831627547740936, 0.06327987462282181, 0.06824347376823425, 0.0732070803642273, 0.07817067950963974, 0.08313427865505219, 0.08809788525104523, 0.09306148439645767, 0.09802508354187012, 0.10298868268728256, 0.10795228183269501, 0.11291588842868805, 0.1178794875741005, 0.12284308671951294, 0.12780669331550598, 0.13277028501033783, 0.13773389160633087]}, "parameters/graph_6ff2.weight": {"_type": "histogram", "values": [2.0, 2.0, 0.0, 3.0, 2.0, 2.0, 4.0, 3.0, 13.0, 48.0, 77.0, 134.0, 298.0, 533.0, 710.0, 767.0, 1310.0, 1448.0, 1403.0, 1545.0, 1467.0, 1474.0, 1537.0, 1509.0, 1500.0, 1478.0, 1496.0, 1508.0, 1552.0, 1459.0, 1534.0, 1508.0, 1561.0, 1468.0, 1475.0, 1498.0, 1349.0, 1358.0, 1246.0, 1074.0, 863.0, 804.0, 546.0, 83.0, 47.0, 45.0, 42.0, 31.0, 29.0, 18.0, 15.0, 17.0, 13.0, 20.0, 17.0, 10.0, 9.0, 8.0, 10.0, 5.0, 3.0, 4.0, 2.0, 4.0], "bins": [-0.2022613286972046, -0.19693252444267273, -0.19160372018814087, -0.186274915933609, -0.18094611167907715, -0.1756173074245453, -0.17028850317001343, -0.16495969891548157, -0.1596308946609497, -0.15430209040641785, -0.148973286151886, -0.14364448189735413, -0.13831567764282227, -0.1329868733882904, -0.12765806913375854, -0.12232926487922668, -0.11700046062469482, -0.11167165637016296, -0.1063428521156311, -0.10101404786109924, -0.09568524360656738, -0.09035643935203552, -0.08502763509750366, -0.0796988308429718, -0.07437002658843994, -0.06904122233390808, -0.06371241807937622, -0.05838361382484436, -0.0530548095703125, -0.04772600531578064, -0.04239720106124878, -0.03706839680671692, -0.03173960745334625, -0.026410803198814392, -0.021081998944282532, -0.01575319468975067, -0.010424390435218811, -0.005095586180686951, 0.00023321807384490967, 0.00556202232837677, 0.01089082658290863, 0.01621963083744049, 0.02154843509197235, 0.02687723934650421, 0.03220604360103607, 0.03753484785556793, 0.04286365211009979, 0.04819245636463165, 0.05352126061916351, 0.058850064873695374, 0.06417886912822723, 0.0695076733827591, 0.07483647763729095, 0.08016528189182281, 0.08549408614635468, 0.09082289040088654, 0.0961516946554184, 0.10148049890995026, 0.10680930316448212, 0.11213810741901398, 0.11746691167354584, 0.1227957159280777, 0.12812452018260956, 0.13345332443714142, 0.13878212869167328]}, "parameters/graph_6ff2.bias": {"_type": "histogram", "values": [1.0, 0.0, 1.0, 1.0, 0.0, 1.0, 2.0, 2.0, 5.0, 2.0, 4.0, 4.0, 1.0, 7.0, 7.0, 3.0, 7.0, 5.0, 9.0, 2.0, 6.0, 5.0, 3.0, 2.0, 10.0, 3.0, 7.0, 2.0, 3.0, 3.0, 9.0, 4.0, 8.0, 4.0, 4.0, 7.0, 3.0, 3.0, 4.0, 5.0, 6.0, 8.0, 0.0, 6.0, 8.0, 0.0, 2.0, 3.0, 4.0, 2.0, 1.0, 0.0, 0.0, 0.0, 0.0, 0.0, 0.0, 0.0, 0.0, 0.0, 0.0, 0.0, 0.0, 1.0], "bins": [-0.1523813158273697, -0.14889144897460938, -0.14540159702301025, -0.14191173017024994, -0.13842186331748962, -0.1349319964647293, -0.1314421445131302, -0.12795227766036987, -0.12446241080760956, -0.12097255140542984, -0.11748268455266953, -0.11399282515048981, -0.11050295829772949, -0.10701309889554977, -0.10352323204278946, -0.10003337264060974, -0.09654350578784943, -0.09305364638566971, -0.08956378698348999, -0.08607392013072968, -0.08258406072854996, -0.07909419387578964, -0.07560433447360992, -0.07211446762084961, -0.06862460821866989, -0.06513474136590958, -0.06164488196372986, -0.05815501883625984, -0.054665155708789825, -0.05117529258131981, -0.04768542945384979, -0.044195566326379776, -0.04070570319890976, -0.03721584007143974, -0.03372597694396973, -0.03023611381649971, -0.026746250689029694, -0.023256389424204826, -0.01976652629673481, -0.016276663169264793, -0.012786800041794777, -0.00929693691432476, -0.005807074252516031, -0.0023172113578766584, 0.0011726515367627144, 0.004662514664232731, 0.008152376860380173, 0.01164223998785019, 0.015132103115320206, 0.018621966242790222, 0.02211182937026024, 0.025601692497730255, 0.02909155562520027, 0.03258141875267029, 0.036071281880140305, 0.03956114500761032, 0.04305100440979004, 0.046540867537260056, 0.05003073066473007, 0.05352059379220009, 0.057010456919670105, 0.06050032004714012, 0.06399018317461014, 0.06748005002737045, 0.07096990942955017]}, "parameters/graph_6ff3.weight": {"_type": "histogram",