{"parameters/ff1.weight": {"_type": "histogram", "values": [1.0, 0.0, 3.0, 2.0, 1.0, 4.0, 5.0, 3.0, 3.0, 4.0, 2.0, 4.0, 4.0, 5.0, 3.0, 10.0, 14.0, 28.0, 10.0, 15.0, 29.0, 30.0, 38.0, 27.0, 40.0, 58.0, 85.0, 86.0, 137.0, 211.0, 317.0, 405.0, 656.0, 1316.0, 1606.0, 1595.0, 1606.0, 1556.0, 1495.0, 1272.0, 721.0, 465.0, 387.0, 282.0, 158.0, 128.0, 70.0, 37.0, 15.0, 11.0, 6.0, 14.0, 4.0, 2.0, 3.0, 4.0, 2.0, 2.0, 1.0, 0.0, 0.0, 1.0, 0.0, 1.0], "bins": [-1.1733133792877197, -1.140425443649292, -1.1075375080108643, -1.0746495723724365, -1.0417616367340088, -1.008873701095581, -0.9759857654571533, -0.9430978298187256, -0.9102098941802979, -0.8773218989372253, -0.8444339632987976, -0.8115460276603699, -0.7786580920219421, -0.7457701563835144, -0.7128822207450867, -0.6799942851066589, -0.6471063494682312, -0.6142184138298035, -0.5813304781913757, -0.548442542552948, -0.5155546069145203, -0.48266664147377014, -0.4497787058353424, -0.4168907701969147, -0.38400283455848694, -0.3511148989200592, -0.31822696328163147, -0.28533902764320374, -0.2524510622024536, -0.21956314146518707, -0.18667519092559814, -0.1537872552871704, -0.12089937925338745, -0.08801144361495972, -0.055123500525951385, -0.022235561162233353, 0.01065237820148468, 0.04354031756520271, 0.07642825692892075, 0.10931620001792908, 0.1422041356563568, 0.17509207129478455, 0.20798000693321228, 0.2408679574728012, 0.27375590801239014, 0.30664384365081787, 0.3395317792892456, 0.37241971492767334, 0.4053076505661011, 0.4381955862045288, 0.47108352184295654, 0.5039714574813843, 0.536859393119812, 0.5697473287582397, 0.6026352643966675, 0.6355232000350952, 0.668411135673523, 0.7012991309165955, 0.7341870665550232, 0.7670750021934509, 0.7999629378318787, 0.8328508734703064, 0.8657388091087341, 0.8986267447471619, 0.9315146803855896]}, "_timestamp": 1710620536.7656965, "parameters/ff1.bias": {"_type": "histogram", "values": [1.0, 1.0, 0.0, 0.0, 3.0, 0.0, 0.0, 2.0, 0.0, 1.0, 1.0, 3.0, 1.0, 2.0, 4.0, 4.0, 7.0, 4.0, 6.0, 5.0, 16.0, 9.0, 11.0, 13.0, 11.0, 11.0, 17.0, 14.0, 14.0, 11.0, 12.0, 1.0, 4.0, 1.0, 0.0, 0.0, 2.0, 0.0, 1.0, 1.0, 0.0, 0.0, 0.0, 0.0, 0.0, 0.0, 0.0, 0.0, 2.0, 0.0, 0.0, 0.0, 0.0, 1.0, 0.0, 0.0, 1.0, 0.0, 0.0, 0.0, 0.0, 1.0, 0.0, 1.0], "bins": [-0.5907023549079895, -0.5703767538070679, -0.5500511527061462, -0.5297254920005798, -0.5093998908996582, -0.4890742897987366, -0.46874868869781494, -0.4484230577945709, -0.4280974566936493, -0.40777185559272766, -0.38744622468948364, -0.367120623588562, -0.3467950224876404, -0.32646939158439636, -0.30614379048347473, -0.2858181595802307, -0.2654925584793091, -0.24516694247722626, -0.22484132647514343, -0.2045157253742218, -0.18419010937213898, -0.16386449337005615, -0.14353889226913452, -0.1232132762670517, -0.10288766026496887, -0.08256204426288605, -0.06223643571138382, -0.04191082343459129, -0.021585211157798767, -0.0012595988810062408, 0.019066013395786285, 0.03939162567257881, 0.05971717834472656, 0.08004279434680939, 0.10036840289831161, 0.12069401144981384, 0.14101962745189667, 0.1613452434539795, 0.18167084455490112, 0.20199646055698395, 0.22232207655906677, 0.2426476925611496, 0.2629733085632324, 0.28329890966415405, 0.3036245107650757, 0.3239501416683197, 0.34427574276924133, 0.36460137367248535, 0.384926974773407, 0.4052525758743286, 0.42557820677757263, 0.44590380787849426, 0.4662294387817383, 0.4865550398826599, 0.5068806409835815, 0.5272062420845032, 0.5475318431854248, 0.5678575038909912, 0.5881831049919128, 0.6085087060928345, 0.6288343071937561, 0.6491599082946777, 0.6694855690002441, 0.6898111701011658, 0.7101367712020874]}, "parameters/ff2.weight": {"_type": "histogram", "values": [1.0, 0.0, 1.0, 0.0, 0.0, 0.0, 2.0, 1.0, 1.0, 2.0, 2.0, 2.0, 4.0, 5.0, 17.0, 26.0, 45.0, 47.0, 62.0, 81.0, 111.0, 97.0, 118.0, 100.0, 133.0, 363.0, 2272.0, 5226.0, 5710.0, 5922.0, 6144.0, 6028.0, 4586.0, 1588.0, 554.0, 368.0, 228.0, 113.0, 19.0, 7.0, 2.0, 2.0, 3.0, 1.0, 0.0, 2.0, 0.0, 0.0, 1.0, 1.0, 0.0, 0.0, 0.0, 0.0, 1.0, 0.0, 0.0, 0.0, 0.0, 0.0, 0.0, 0.0, 0.0, 1.0], "bins": [-0.7256877422332764, -0.7031252980232239, -0.6805628538131714, -0.6580004096031189, -0.6354379653930664, -0.6128754615783691, -0.5903130173683167, -0.5677505731582642, -0.5451881289482117, -0.5226256847381592, -0.5000632405281067, -0.4775007665157318, -0.4549383223056793, -0.43237587809562683, -0.40981340408325195, -0.38725095987319946, -0.364688515663147, -0.3421260714530945, -0.319563627243042, -0.2970011532306671, -0.2744387090206146, -0.25187626481056213, -0.22931380569934845, -0.20675134658813477, -0.18418890237808228, -0.16162645816802979, -0.1390639990568161, -0.11650154739618301, -0.09393909573554993, -0.07137664407491684, -0.04881419241428375, -0.026251740753650665, -0.0036892294883728027, 0.018873222172260284, 0.04143567383289337, 0.06399812549352646, 0.08656057715415955, 0.10912302881479263, 0.13168548047542572, 0.1542479395866394, 0.1768103837966919, 0.19937282800674438, 0.22193528711795807, 0.24449774622917175, 0.26706019043922424, 0.28962263464927673, 0.3121851086616516, 0.3347475528717041, 0.3573099970817566, 0.3798724412918091, 0.4024348855018616, 0.42499735951423645, 0.44755980372428894, 0.47012224793434143, 0.4926847219467163, 0.5152471661567688, 0.5378096103668213, 0.5603720545768738, 0.5829344987869263, 0.6054969429969788, 0.6280593872070312, 0.6506218910217285, 0.673184335231781, 0.6957467794418335, 0.718309223651886]}, "parameters/ff2.bias": {"_type": "histogram", "values": [1.0, 0.0, 0.0, 0.0, 0.0, 0.0, 0.0, 0.0, 0.0, 0.0, 0.0, 0.0, 0.0, 0.0, 0.0, 1.0, 0.0, 0.0, 0.0, 1.0, 0.0, 0.0, 0.0, 0.0, 0.0, 0.0, 1.0, 0.0, 0.0, 0.0, 0.0, 0.0, 1.0, 1.0, 1.0, 2.0, 3.0, 5.0, 12.0, 12.0, 14.0, 12.0, 9.0, 19.0, 11.0, 9.0, 6.0, 8.0, 12.0, 14.0, 12.0, 9.0, 4.0, 5.0, 7.0, 4.0, 0.0, 1.0, 2.0, 0.0, 0.0, 0.0, 0.0, 1.0], "bins": [-0.41622793674468994, -0.4082649052143097, -0.40030187368392944, -0.3923388719558716, -0.38437584042549133, -0.3764128088951111, -0.36844977736473083, -0.360486775636673, -0.3525237441062927, -0.3445607125759125, -0.3365976810455322, -0.328634649515152, -0.3206716477870941, -0.31270861625671387, -0.3047455847263336, -0.29678255319595337, -0.2888195514678955, -0.28085651993751526, -0.272893488407135, -0.26493045687675476, -0.2569674253463745, -0.24900440871715546, -0.2410413920879364, -0.23307836055755615, -0.2251153290271759, -0.21715231239795685, -0.2091892808675766, -0.20122626423835754, -0.1932632327079773, -0.18530021607875824, -0.177337184548378, -0.16937416791915894, -0.1614111214876175, -0.15344808995723724, -0.1454850733280182, -0.13752204179763794, -0.12955902516841888, -0.12159599363803864, -0.11363296955823898, -0.10566994547843933, -0.09770692139863968, -0.08974389731884003, -0.08178087323904037, -0.07381784915924072, -0.06585481762886047, -0.05789179727435112, -0.04992876946926117, -0.04196574538946152, -0.034002721309661865, -0.026039697229862213, -0.018076671287417412, -0.010113646276295185, -0.0021506212651729584, 0.005812403745949268, 0.013775428757071495, 0.021738454699516296, 0.02970147877931595, 0.0376645028591156, 0.04562752693891525, 0.0535905547440052, 0.061553578823804855, 0.0695166066288948, 0.07747963070869446, 0.08544265478849411, 0.09340567886829376]}, "parameters/ff3.weight": {"_type": "histogram", "values": [1.0, 1.0, 0.0, 1.0, 0.0, 0.0, 0.0, 0.0, 0.0, 0.0, 0.0, 0.0, 0.0, 0.0, 1.0, 1.0, 1.0, 1.0, 2.0, 1.0, 3.0, 1.0, 3.0, 5.0, 4.0, 3.0, 7.0, 7.0, 4.0, 5.0, 10.0, 25.0, 26.0, 25.0, 25.0, 20.0, 34.0, 58.0, 339.0, 2622.0, 3653.0, 3907.0, 4448.0, 4715.0, 5262.0, 5162.0, 2767.0, 2024.0, 1751.0, 1300.0, 1172.0, 475.0, 27.0, 14.0, 12.0, 6.0, 10.0, 5.0, 9.0, 12.0, 15.0, 13.0, 2.0, 3.0],