{"parameters/graph_4conv1.weight": {"_type": "histogram", "values": [1.0, 0.0, 11.0, 15.0, 24.0, 46.0, 51.0, 46.0, 53.0, 59.0, 53.0, 38.0, 43.0, 54.0, 57.0, 81.0, 82.0, 102.0, 127.0, 133.0, 121.0, 126.0, 106.0, 116.0, 133.0, 137.0, 117.0, 118.0, 147.0, 132.0, 113.0, 114.0, 119.0, 129.0, 125.0, 129.0, 108.0, 110.0, 121.0, 141.0, 142.0, 120.0, 132.0, 113.0, 118.0, 134.0, 139.0, 125.0, 109.0, 94.0, 100.0, 44.0, 57.0, 57.0, 41.0, 52.0, 46.0, 56.0, 36.0, 40.0, 51.0, 26.0, 16.0, 14.0], "bins": [-0.2759817838668823, -0.2676360309123993, -0.25929027795791626, -0.2509445250034332, -0.242598757147789, -0.23425300419330597, -0.22590723633766174, -0.2175614833831787, -0.20921573042869568, -0.20086997747421265, -0.19252422451972961, -0.1841784566640854, -0.17583270370960236, -0.16748695075511932, -0.1591411828994751, -0.15079542994499207, -0.14244967699050903, -0.134103924036026, -0.12575817108154297, -0.11741240322589874, -0.10906665027141571, -0.10072089731693268, -0.09237513691186905, -0.08402937650680542, -0.07568362355232239, -0.06733787059783936, -0.058992110192775726, -0.050646353513002396, -0.042300596833229065, -0.033954840153455734, -0.025609083473682404, -0.017263326793909073, -0.00891759991645813, -0.0005718432366847992, 0.0077739134430885315, 0.016119670122861862, 0.024465426802635193, 0.032811183482408524, 0.041156940162181854, 0.049502696841955185, 0.057848453521728516, 0.06619420647621155, 0.07453996688127518, 0.0828857272863388, 0.09123148024082184, 0.09957723319530487, 0.1079229936003685, 0.11626875400543213, 0.12461450695991516, 0.1329602599143982, 0.14130601286888123, 0.14965178072452545, 0.15799753367900848, 0.16634328663349152, 0.17468905448913574, 0.18303480744361877, 0.1913805603981018, 0.19972631335258484, 0.20807206630706787, 0.2164178341627121, 0.22476358711719513, 0.23310934007167816, 0.2414551079273224, 0.24980086088180542, 0.25814661383628845]}, "_timestamp": 1710754689.6730106, "parameters/graph_4conv1.bias": {"_type": "histogram", "values": [3.0, 1.0, 5.0, 5.0, 1.0, 0.0, 2.0, 4.0, 4.0, 1.0, 2.0, 2.0, 0.0, 4.0, 1.0, 3.0, 2.0, 4.0, 5.0, 2.0, 4.0, 4.0, 4.0, 3.0, 6.0, 3.0, 2.0, 1.0, 3.0, 6.0, 0.0, 5.0, 5.0, 2.0, 5.0, 4.0, 3.0, 1.0, 0.0, 7.0, 6.0, 3.0, 2.0, 4.0, 4.0, 6.0, 2.0, 2.0, 3.0, 3.0, 4.0, 3.0, 2.0, 4.0, 1.0, 5.0, 5.0, 2.0, 7.0, 2.0, 5.0, 2.0, 2.0, 2.0], "bins": [-0.2526548504829407, -0.24645279347896576, -0.24025073647499084, -0.23404867947101593, -0.22784662246704102, -0.2216445654630661, -0.2154425084590912, -0.20924045145511627, -0.20303839445114136, -0.19683635234832764, -0.19063429534435272, -0.1844322383403778, -0.1782301813364029, -0.17202812433242798, -0.16582606732845306, -0.15962401032447815, -0.15342195332050323, -0.14721989631652832, -0.1410178393125534, -0.1348157823085785, -0.12861372530460358, -0.12241167575120926, -0.11620961874723434, -0.11000756174325943, -0.10380550473928452, -0.0976034477353096, -0.09140139073133469, -0.08519933372735977, -0.07899728417396545, -0.07279522716999054, -0.06659317016601562, -0.06039111316204071, -0.054189056158065796, -0.04798699915409088, -0.04178494215011597, -0.03558288887143135, -0.029380831867456436, -0.02317877486348152, -0.016976719722151756, -0.010774663649499416, -0.004572607576847076, 0.0016294484958052635, 0.007831504568457603, 0.014033560641109943, 0.020235616713762283, 0.026437673717737198, 0.032639726996421814, 0.03884178400039673, 0.04504384100437164, 0.05124589800834656, 0.05744795501232147, 0.06365001201629639, 0.0698520690202713, 0.07605411857366562, 0.08225617557764053, 0.08845823258161545, 0.09466028958559036, 0.10086234658956528, 0.10706440359354019, 0.1132664605975151, 0.11946851015090942, 0.12567056715488434, 0.13187262415885925, 0.13807468116283417, 0.14427673816680908]}, "parameters/graph_4ff1.weight": {"_type": "histogram", "values": [1.0, 0.0, 2.0, 0.0, 0.0, 1.0, 0.0, 3.0, 3.0, 1.0, 3.0, 2.0, 3.0, 3.0, 2.0, 8.0, 10.0, 8.0, 6.0, 8.0, 6.0, 14.0, 6.0, 10.0, 21.0, 20.0, 21.0, 112.0, 372.0, 645.0, 1642.0, 5997.0, 20404.0, 21947.0, 33151.0, 40418.0, 40723.0, 40065.0, 40201.0, 37879.0, 27315.0, 19536.0, 17806.0, 1716.0, 1130.0, 982.0, 945.0, 990.0, 864.0, 881.0, 937.0, 344.0, 144.0, 274.0, 370.0, 310.0, 353.0, 330.0, 303.0, 266.0, 254.0, 200.0, 30.0, 2.0], "bins": [-0.2590736746788025, -0.2535652220249176, -0.24805673956871033, -0.24254828691482544, -0.23703981935977936, -0.23153135180473328, -0.2260228842496872, -0.2205144166946411, -0.21500596404075623, -0.20949749648571014, -0.20398902893066406, -0.19848056137561798, -0.1929720938205719, -0.18746362626552582, -0.18195517361164093, -0.17644670605659485, -0.17093823850154877, -0.16542977094650269, -0.1599213033914566, -0.15441285073757172, -0.14890438318252563, -0.14339591562747955, -0.13788744807243347, -0.1323789805173874, -0.1268705129623413, -0.12136205285787582, -0.11585359275341034, -0.11034512519836426, -0.10483665764331818, -0.09932819753885269, -0.09381972998380661, -0.08831126987934113, -0.08280281722545624, -0.07729434967041016, -0.07178588956594467, -0.06627742201089859, -0.06076895818114281, -0.055260494351387024, -0.04975202679634094, -0.04424356296658516, -0.038735099136829376, -0.03322663530707359, -0.02771816961467266, -0.02220970392227173, -0.016701240092515945, -0.011192775331437588, -0.00568431057035923, -0.00017584580928087234, 0.005332618951797485, 0.010841083712875843, 0.0163495484739542, 0.021858014166355133, 0.027366477996110916, 0.0328749418258667, 0.03838340938091278, 0.043891873210668564, 0.04940033704042435, 0.05490880087018013, 0.06041726469993591, 0.065925732254982, 0.07143419981002808, 0.07694265991449356, 0.08245112746953964, 0.08795958757400513, 0.09346805512905121]}, "parameters/graph_4ff1.bias": {"_type": "histogram", "values": [2.0, 1.0, 2.0, 0.0, 0.0, 4.0, 3.0, 0.0, 7.0, 1.0, 3.0, 1.0, 3.0, 2.0, 1.0, 2.0, 3.0, 3.0, 3.0, 3.0, 5.0, 5.0, 4.0, 2.0, 2.0, 4.0, 4.0, 4.0, 4.0, 8.0, 1.0, 4.0, 1.0, 6.0, 4.0, 0.0, 5.0, 4.0, 8.0, 4.0, 2.0, 4.0, 4.0, 5.0, 3.0, 4.0, 0.0, 6.0, 3.0, 6.0, 2.0, 4.0, 2.0, 3.0, 3.0, 2.0, 3.0, 1.0, 5.0, 5.0, 2.0, 3.0, 2.0, 3.0], "bins": [-0.08879782259464264, -0.08777090907096863, -0.08674400299787521, -0.0857170894742012, -0.08469017595052719, -0.08366326242685318, -0.08263635635375977, -0.08160944283008575, -0.08058252930641174, -0.07955562323331833, -0.07852870970964432, -0.0775017961859703, -0.07647489011287689, -0.07544797658920288, -0.07442106306552887, -0.07339414954185486, -0.07236724346876144, -0.07134032994508743, -0.07031341642141342, -0.06928651034832001, -0.068259596824646, -0.06723268330097198, -0.06620577722787857, -0.06517886370420456, -0.06415195018053055, -0.06312503665685654, -0.062098126858472824, -0.06107121706008911, -0.0600443072617054, -0.05901739373803139, -0.057990483939647675, -0.05696357041597366, -0.05593666434288025, -0.05490975081920624, -0.053882841020822525, -0.052855927497148514, -0.0518290176987648, -0.05080210417509079, -0.04977519437670708, -0.048748284578323364, -0.04772137105464935, -0.04669446125626564, -0.04566754773259163, -0.044640637934207916, -0.043613728135824203, -0.04258681461215019, -0.04155990481376648, -0.04053299129009247, -0.039506081491708755, -0.03847917169332504, -0.03745225816965103, -0.03642534837126732, -0.03539843484759331, -0.034371525049209595, -0.03334461525082588, -0.03231770172715187, -0.03129079192876816, -0.030263880267739296, -0.029236968606710434, -0.028210056945681572, -0.02718314528465271, -0.026156233623623848, -0.025129323825240135, -0.024102412164211273, -0.02307550050318241]}, "parameters/graph_4ff2.weight": {"_type": "histogram", "values": [1.0, 0.0, 0.0, 0.0, 0.0, 1.0, 0.0, 0.0, 1.0, 2.0, 358.0, 532.0, 577.0, 888.0, 941.0, 907.0, 905.0, 936.0, 969.0, 943.0, 985.0, 904.0, 1023.0, 1230.0, 1198.0, 1129.0, 1144.0, 1126.0, 1168.0, 1150.0, 1099.0, 1158.0, 1160.0, 1206.0, 1290.0, 1440.0, 1421.0, 1471.0, 1335.0, 905.0, 875.0, 691.0, 469.0, 432.0, 446.0, 478.0, 422.0, 405.0, 423.0, 437.0, 406.0, 282.0, 268.0, 253.0, 252.0, 272.0, 251.0, 232.0, 249.0, 264.0, 235.0, 225.0, 229.0, 1.0],