{"_wandb": {"runtime": 37}, "parameters/graph_7ff1.weight": {"_type": "histogram", "values": [6.0, 5.0, 8.0, 35.0, 37.0, 140.0, 244.0, 243.0, 233.0, 243.0, 232.0, 253.0, 272.0, 266.0, 268.0, 293.0, 439.0, 524.0, 478.0, 532.0, 515.0, 528.0, 534.0, 550.0, 567.0, 549.0, 550.0, 562.0, 501.0, 546.0, 587.0, 487.0, 493.0, 419.0, 277.0, 274.0, 282.0, 262.0, 272.0, 253.0, 269.0, 258.0, 234.0, 242.0, 112.0, 38.0, 31.0, 10.0, 14.0, 4.0, 5.0, 4.0, 2.0, 3.0, 2.0, 3.0, 1.0, 3.0, 1.0, 3.0, 1.0, 0.0, 0.0, 1.0], "bins": [-0.20500501990318298, -0.19677624106407166, -0.18854747712612152, -0.1803186982870102, -0.17208993434906006, -0.16386115550994873, -0.1556323915719986, -0.14740361273288727, -0.13917484879493713, -0.1309460699558258, -0.12271729856729507, -0.11448852717876434, -0.10625974833965302, -0.09803097695112228, -0.08980220556259155, -0.08157343417406082, -0.07334466278553009, -0.06511589139699936, -0.05688712000846863, -0.0486583448946476, -0.04042957350611687, -0.032200802117586136, -0.023972028866410255, -0.015743255615234375, -0.007514484226703644, 0.000714288093149662, 0.008943060413002968, 0.01717183366417885, 0.02540060505270958, 0.03362937644124031, 0.04185815155506134, 0.05008692294359207, 0.0583156943321228, 0.06654446572065353, 0.07477323710918427, 0.083002008497715, 0.09123077988624573, 0.09945955872535706, 0.10768833011388779, 0.11591710150241852, 0.12414587289094925, 0.13237464427947998, 0.1406034231185913, 0.14883218705654144, 0.15706096589565277, 0.1652897298336029, 0.17351850867271423, 0.18174727261066437, 0.1899760514497757, 0.19820483028888702, 0.20643359422683716, 0.2146623730659485, 0.22289113700389862, 0.23111991584300995, 0.23934867978096008, 0.2475774586200714, 0.25580623745918274, 0.26403501629829407, 0.272263765335083, 0.28049254417419434, 0.28872132301330566, 0.296950101852417, 0.30517885088920593, 0.31340762972831726, 0.3216364085674286]}, "_timestamp": 1710689916.1351504, "parameters/graph_7ff1.bias": {"_type": "histogram", "values": [4.0, 2.0, 3.0, 5.0, 5.0, 8.0, 2.0, 6.0, 3.0, 1.0, 3.0, 6.0, 4.0, 5.0, 4.0, 4.0, 5.0, 7.0, 4.0, 3.0, 7.0, 4.0, 1.0, 3.0, 1.0, 1.0, 3.0, 3.0, 7.0, 4.0, 5.0, 3.0, 4.0, 10.0, 4.0, 0.0, 4.0, 4.0, 9.0, 5.0, 5.0, 3.0, 6.0, 2.0, 5.0, 4.0, 3.0, 1.0, 1.0, 0.0, 0.0, 0.0, 1.0, 0.0, 0.0, 0.0, 1.0, 0.0, 0.0, 0.0, 1.0, 0.0, 0.0, 1.0], "bins": [-0.1774783879518509, -0.17245560884475708, -0.16743282973766327, -0.16241005063056946, -0.15738727152347565, -0.15236449241638184, -0.14734171330928802, -0.1423189342021942, -0.1372961550951004, -0.1322733759880066, -0.12725059688091278, -0.12222781777381897, -0.11720503866672516, -0.11218225955963135, -0.10715948045253754, -0.10213670134544373, -0.09711392223834991, -0.0920911431312561, -0.08706836402416229, -0.08204558491706848, -0.07702280580997467, -0.07200002670288086, -0.06697724759578705, -0.06195446848869324, -0.056931689381599426, -0.051908910274505615, -0.046886131167411804, -0.04186335206031799, -0.03684057295322418, -0.03181779384613037, -0.02679501473903656, -0.02177223563194275, -0.016749471426010132, -0.01172669231891632, -0.00670391321182251, -0.0016811341047286987, 0.0033416450023651123, 0.008364424109458923, 0.013387203216552734, 0.018409982323646545, 0.023432761430740356, 0.028455540537834167, 0.03347831964492798, 0.03850109875202179, 0.0435238778591156, 0.04854665696620941, 0.05356943607330322, 0.058592215180397034, 0.06361499428749084, 0.06863777339458466, 0.07366055250167847, 0.07868333160877228, 0.08370611071586609, 0.0887288898229599, 0.09375166893005371, 0.09877444803714752, 0.10379722714424133, 0.10882000625133514, 0.11384278535842896, 0.11886556446552277, 0.12388834357261658, 0.1289111226797104, 0.1339339017868042, 0.138956680893898, 0.14397946000099182]}, "parameters/graph_7ff2.weight": {"_type": "histogram", "values": [1.0, 0.0, 1.0, 2.0, 0.0, 0.0, 1.0, 1.0, 2.0, 3.0, 3.0, 4.0, 5.0, 2.0, 3.0, 1.0, 4.0, 2.0, 9.0, 9.0, 36.0, 107.0, 202.0, 600.0, 998.0, 1123.0, 1882.0, 1886.0, 2020.0, 1963.0, 1934.0, 1956.0, 1944.0, 2007.0, 1950.0, 2051.0, 2013.0, 2000.0, 1965.0, 1977.0, 2013.0, 1994.0, 1744.0, 1190.0, 1001.0, 588.0, 141.0, 86.0, 89.0, 80.0, 69.0, 60.0, 61.0, 47.0, 34.0, 42.0, 31.0, 27.0, 19.0, 13.0, 2.0, 0.0, 1.0, 1.0], "bins": [-0.3027549386024475, -0.2955490052700043, -0.2883431017398834, -0.2811371684074402, -0.27393126487731934, -0.2667253315448761, -0.25951939821243286, -0.252313494682312, -0.24510756134986877, -0.23790164291858673, -0.2306957244873047, -0.22348979115486145, -0.2162838727235794, -0.20907795429229736, -0.20187202095985413, -0.19466610252857208, -0.18746018409729004, -0.180254265666008, -0.17304834723472595, -0.16584241390228271, -0.15863649547100067, -0.15143057703971863, -0.1442246437072754, -0.13701872527599335, -0.1298128068447113, -0.12260688841342926, -0.11540096253156662, -0.10819503664970398, -0.10098911821842194, -0.09378319978713989, -0.08657727390527725, -0.07937134802341461, -0.07216544449329376, -0.06495952606201172, -0.05775360018014908, -0.050547678023576736, -0.043341755867004395, -0.03613583371043205, -0.02892991155385971, -0.02172398939728737, -0.014518067240715027, -0.007312145084142685, -0.00010622292757034302, 0.007099699229001999, 0.01430562138557434, 0.021511543542146683, 0.028717465698719025, 0.03592338785529137, 0.04312931001186371, 0.05033523216843605, 0.05754115432500839, 0.06474708020687103, 0.07195299863815308, 0.07915891706943512, 0.08636484295129776, 0.0935707688331604, 0.10077668726444244, 0.10798260569572449, 0.11518853157758713, 0.12239445745944977, 0.1296003758907318, 0.13680629432201385, 0.1440122127532959, 0.15121814608573914, 0.15842406451702118]}, "parameters/graph_7ff2.bias": {"_type": "histogram", "values": [2.0, 4.0, 1.0, 2.0, 3.0, 5.0, 2.0, 5.0, 7.0, 9.0, 5.0, 5.0, 7.0, 10.0, 5.0, 5.0, 4.0, 6.0, 7.0, 3.0, 8.0, 5.0, 7.0, 2.0, 4.0, 9.0, 5.0, 10.0, 3.0, 7.0, 3.0, 8.0, 4.0, 13.0, 2.0, 5.0, 0.0, 4.0, 3.0, 0.0, 0.0, 0.0, 0.0, 0.0, 0.0, 0.0, 0.0, 0.0, 0.0, 0.0, 0.0, 0.0, 0.0, 0.0, 0.0, 0.0, 0.0, 0.0, 0.0, 0.0, 0.0, 0.0, 0.0, 1.0], "bins": [-0.14293280243873596, -0.138625368475914, -0.13431794941425323, -0.13001051545143127, -0.1257030963897705, -0.12139566242694855, -0.11708823591470718, -0.11278080940246582, -0.10847337543964386, -0.1041659489274025, -0.09985852241516113, -0.09555109590291977, -0.0912436693906784, -0.08693624287843704, -0.08262880891561508, -0.07832138240337372, -0.07401395589113235, -0.06970652937889099, -0.06539910286664963, -0.061091672629117966, -0.056784242391586304, -0.05247681587934494, -0.04816938936710358, -0.043861959129571915, -0.03955453261733055, -0.03524710610508919, -0.030939675867557526, -0.026632249355316162, -0.02232482098042965, -0.018017392605543137, -0.013709965161979198, -0.00940253771841526, -0.0050951093435287476, -0.0007876814343035221, 0.0035197464749217033, 0.007827173918485641, 0.012134602293372154, 0.016442030668258667, 0.02074945718050003, 0.025056885555386543, 0.029364313930273056, 0.03367174044251442, 0.03797917068004608, 0.042286597192287445, 0.04659402370452881, 0.05090145394206047, 0.055208880454301834, 0.059516310691833496, 0.06382373720407486, 0.06813116371631622, 0.07243859022855759, 0.07674602419137955, 0.08105345070362091, 0.08536087721586227, 0.08966830372810364, 0.093975730240345, 0.09828315675258636, 0.10259059071540833, 0.10689801722764969, 0.11120544373989105, 0.11551287025213242, 0.11982029676437378, 0.12412773072719574, 0.1284351497888565, 0.13274258375167847]}, "parameters/graph_7ff3.weight": {"_type": "histogram", "values": [2.0, 0.0, 2.0, 0.0, 3.0, 0.0, 3.0, 4.0, 4.0, 9.0, 31.0, 39.0, 257.0, 811.0, 914.0, 1290.0, 1458.0, 1439.0, 1394.0, 1468.0, 1467.0, 1508.0, 1563.0, 1600.0, 1639.0, 1588.0, 1580.0, 1617.0, 1690.0, 1768.0, 1843.0, 1919.0, 1838.0, 1375.0, 1173.0, 854.0, 575.0, 524.0, 453.0, 496.0, 482.0, 437.0, 413.0, 365.0, 383.0, 381.0, 370.0, 277.0, 273.0, 245.0, 132.0, 22.0, 10.0, 3.0, 2.0, 0.0, 0.0, 2.0, 3.0, 0.0, 1.0, 0.0, 0.0, 1.0],