{"train_loss": 1.9691486358642578, "val_loss": 1.679011583328247, "lr": 0.01, "_timestamp": 1710947217.2622705, "_runtime": 15.844173431396484, "_step": 0}