{"parameters/graph_9ff1.weight": {"_type": "histogram", "values": [1.0, 0.0, 1.0, 1.0, 1.0, 4.0, 3.0, 2.0, 4.0, 2.0, 1.0, 3.0, 7.0, 9.0, 12.0, 4.0, 9.0, 19.0, 17.0, 25.0, 43.0, 59.0, 93.0, 173.0, 281.0, 460.0, 569.0, 663.0, 764.0, 971.0, 1075.0, 1157.0, 1159.0, 1138.0, 1100.0, 1047.0, 993.0, 778.0, 603.0, 528.0, 399.0, 302.0, 158.0, 108.0, 55.0, 28.0, 27.0, 18.0, 14.0, 10.0, 12.0, 15.0, 6.0, 7.0, 16.0, 11.0, 7.0, 7.0, 5.0, 4.0, 3.0, 5.0, 2.0, 2.0], "bins": [-0.6057443618774414, -0.5875924825668335, -0.5694406032562256, -0.5512887239456177, -0.5331368446350098, -0.5149849653244019, -0.49683311581611633, -0.4786812365055084, -0.4605293571949005, -0.4423774778842926, -0.4242255985736847, -0.4060737192630768, -0.38792186975479126, -0.36976999044418335, -0.35161811113357544, -0.33346623182296753, -0.3153143525123596, -0.2971624732017517, -0.2790105938911438, -0.2608587145805359, -0.24270685017108917, -0.22455497086048126, -0.20640310645103455, -0.18825122714042664, -0.17009934782981873, -0.15194746851921082, -0.1337955892086029, -0.11564372479915619, -0.09749184548854828, -0.07933996617794037, -0.061188094317913055, -0.043036218732595444, -0.024884283542633057, -0.006732407957315445, 0.011419467628002167, 0.02957134321331978, 0.04772321879863739, 0.0658750981092453, 0.08402696996927261, 0.10217884182929993, 0.12033072113990784, 0.13848260045051575, 0.15663447976112366, 0.17478634417057037, 0.19293822348117828, 0.2110901027917862, 0.2292419672012329, 0.24739384651184082, 0.26554572582244873, 0.28369760513305664, 0.30184948444366455, 0.32000136375427246, 0.33815324306488037, 0.3563050925731659, 0.3744569718837738, 0.3926088511943817, 0.4107607305049896, 0.42891260981559753, 0.44706448912620544, 0.46521636843681335, 0.4833682179450989, 0.5015200972557068, 0.5196719765663147, 0.5378238558769226, 0.5559757351875305]}, "_timestamp": 1710700028.3246536, "parameters/graph_9ff1.bias": {"_type": "histogram", "values": [1.0, 0.0, 0.0, 0.0, 1.0, 0.0, 0.0, 2.0, 1.0, 1.0, 3.0, 2.0, 0.0, 1.0, 0.0, 1.0, 1.0, 4.0, 2.0, 6.0, 6.0, 5.0, 9.0, 8.0, 5.0, 6.0, 8.0, 9.0, 14.0, 4.0, 8.0, 6.0, 8.0, 2.0, 5.0, 8.0, 13.0, 4.0, 10.0, 2.0, 8.0, 3.0, 2.0, 4.0, 3.0, 1.0, 2.0, 0.0, 2.0, 1.0, 1.0, 0.0, 1.0, 1.0, 0.0, 0.0, 0.0, 0.0, 1.0, 0.0, 0.0, 1.0, 1.0, 2.0], "bins": [-0.36833328008651733, -0.3586525619029999, -0.3489718437194824, -0.33929112553596497, -0.3296104073524475, -0.31992968916893005, -0.3102489709854126, -0.30056825280189514, -0.2908875346183777, -0.28120678663253784, -0.2715260684490204, -0.26184535026550293, -0.2521646320819855, -0.24248391389846802, -0.23280319571495056, -0.2231224775314331, -0.21344175934791565, -0.2037610411643982, -0.19408032298088074, -0.18439960479736328, -0.17471888661384583, -0.16503815352916718, -0.15535743534564972, -0.14567671716213226, -0.1359959989786148, -0.12631528079509735, -0.1166345626115799, -0.10695383697748184, -0.09727311879396439, -0.08759240061044693, -0.07791167497634888, -0.06823095679283142, -0.058550238609313965, -0.04886952042579651, -0.039188798516988754, -0.02950807847082615, -0.019827358424663544, -0.010146638378500938, -0.00046591833233833313, 0.009214801713824272, 0.018895521759986877, 0.028576241806149483, 0.03825696185231209, 0.04793768376111984, 0.0576184019446373, 0.06729912012815475, 0.07697984576225281, 0.08666056394577026, 0.09634128212928772, 0.10602200031280518, 0.11570271849632263, 0.1253834366798401, 0.13506415486335754, 0.1447448879480362, 0.15442560613155365, 0.1641063243150711, 0.17378704249858856, 0.18346776068210602, 0.19314847886562347, 0.20282919704914093, 0.21250993013381958, 0.22219064831733704, 0.2318713665008545, 0.24155208468437195, 0.2512328028678894]}, "parameters/graph_9ff2.weight": {"_type": "histogram", "values": [1.0, 2.0, 1.0, 5.0, 2.0, 3.0, 6.0, 11.0, 4.0, 17.0, 12.0, 15.0, 25.0, 30.0, 30.0, 37.0, 60.0, 67.0, 80.0, 80.0, 128.0, 131.0, 358.0, 2018.0, 4440.0, 5388.0, 5487.0, 5646.0, 5674.0, 5532.0, 3176.0, 740.0, 329.0, 189.0, 148.0, 69.0, 17.0, 10.0, 7.0, 2.0, 5.0, 8.0, 2.0, 0.0, 2.0, 0.0, 0.0, 2.0, 2.0, 0.0, 0.0, 0.0, 0.0, 0.0, 0.0, 0.0, 0.0, 1.0, 0.0, 0.0, 0.0, 0.0, 0.0, 1.0], "bins": [-0.6260563731193542, -0.6050910353660583, -0.5841257572174072, -0.5631604194641113, -0.5421950817108154, -0.5212297439575195, -0.5002644658088684, -0.4792991280555725, -0.4583337903022766, -0.4373684823513031, -0.4164031744003296, -0.3954378366470337, -0.3744725286960602, -0.3535071909427643, -0.33254188299179077, -0.3115765452384949, -0.29061123728752136, -0.26964592933654785, -0.24868059158325195, -0.22771526873111725, -0.20674994587898254, -0.18578463792800903, -0.16481931507587433, -0.14385399222373962, -0.12288866937160492, -0.10192334651947021, -0.08095802366733551, -0.0599927082657814, -0.0390273854136467, -0.018062064424157143, 0.0029032565653324127, 0.023868577554821968, 0.04483389854431152, 0.06579922139644623, 0.08676454424858093, 0.10772985965013504, 0.12869518995285034, 0.14966049790382385, 0.17062582075595856, 0.19159114360809326, 0.21255646646022797, 0.23352178931236267, 0.2544870972633362, 0.2754524350166321, 0.2964177429676056, 0.3173830807209015, 0.338348388671875, 0.3593137264251709, 0.3802790343761444, 0.4012443423271179, 0.4222096800804138, 0.44317498803138733, 0.4641403257846832, 0.48510563373565674, 0.5060709714889526, 0.5270363092422485, 0.5480015873908997, 0.5689669251441956, 0.5899322628974915, 0.6108975410461426, 0.6318628787994385, 0.6528282165527344, 0.6737935543060303, 0.6947588324546814, 0.7157241702079773]}, "parameters/graph_9ff2.bias": {"_type": "histogram", "values": [1.0, 0.0, 0.0, 0.0, 0.0, 0.0, 0.0, 0.0, 0.0, 0.0, 0.0, 0.0, 0.0, 0.0, 0.0, 0.0, 0.0, 0.0, 0.0, 0.0, 0.0, 0.0, 0.0, 0.0, 0.0, 0.0, 0.0, 0.0, 2.0, 2.0, 5.0, 9.0, 9.0, 7.0, 9.0, 13.0, 15.0, 5.0, 13.0, 12.0, 11.0, 15.0, 23.0, 14.0, 15.0, 6.0, 5.0, 3.0, 4.0, 1.0, 0.0, 0.0, 0.0, 0.0, 0.0, 0.0, 0.0, 0.0, 0.0, 0.0, 0.0, 0.0, 0.0, 1.0], "bins": [-0.4189574718475342, -0.4097423553466797, -0.4005272388458252, -0.3913121223449707, -0.3820970058441162, -0.3728818893432617, -0.3636668026447296, -0.3544516861438751, -0.34523656964302063, -0.33602145314216614, -0.32680633664131165, -0.31759122014045715, -0.30837610363960266, -0.29916098713874817, -0.2899458706378937, -0.2807307541370392, -0.2715156674385071, -0.2623005509376526, -0.2530854344367981, -0.2438703179359436, -0.2346552014350891, -0.22544008493423462, -0.21622496843338013, -0.20700985193252563, -0.19779473543167114, -0.18857963383197784, -0.17936451733112335, -0.17014940083026886, -0.16093428432941437, -0.15171916782855988, -0.14250406622886658, -0.13328894972801208, -0.12407384812831879, -0.1148587316274643, -0.1056436225771904, -0.09642850607633591, -0.08721339702606201, -0.07799828052520752, -0.06878316402435303, -0.059568051248788834, -0.05035293847322464, -0.041137825697660446, -0.03192271292209625, -0.02270759642124176, -0.013492483645677567, -0.004277369938790798, 0.00493774376809597, 0.014152857474982738, 0.023367971181869507, 0.0325830839574337, 0.041798196732997894, 0.051013313233852386, 0.06022842600941658, 0.06944353878498077, 0.07865865528583527, 0.08787376433610916, 0.09708888083696365, 0.10630399733781815, 0.11551910638809204, 0.12473422288894653, 0.13394933938980103, 0.14316445589065552, 0.15237955749034882, 0.1615946739912033, 0.1708097904920578]}, "parameters/graph_9ff3.weight": {"_type": "histogram", "values": [1.0, 0.0, 0.0, 0.0, 0.0, 0.0, 0.0, 0.0, 0.0, 0.0, 0.0, 0.0, 1.0, 0.0, 0.0, 0.0, 0.0, 0.0, 0.0, 0.0, 1.0, 0.0, 0.0, 0.0, 0.0, 0.0, 2.0, 2.0, 1.0, 1.0, 4.0, 0.0, 3.0, 1.0, 4.0, 2.0, 4.0, 9.0, 9.0, 18.0, 32.0, 42.0, 84.0, 954.0, 5117.0, 6188.0, 6713.0, 7599.0, 6200.0, 2626.0, 2265.0, 1625.0, 423.0, 25.0, 10.0, 9.0, 2.0, 6.0, 5.0, 6.0, 2.0, 1.0, 2.0, 1.0],