{"parameters/ff1.weight": {"_type": "histogram", "values": [1.0, 1.0, 1.0, 4.0, 3.0, 3.0, 3.0, 6.0, 1.0, 4.0, 9.0, 18.0, 23.0, 44.0, 59.0, 89.0, 84.0, 122.0, 154.0, 251.0, 298.0, 329.0, 410.0, 499.0, 655.0, 877.0, 1015.0, 1117.0, 1153.0, 1183.0, 1131.0, 1032.0, 1030.0, 850.0, 731.0, 539.0, 346.0, 233.0, 172.0, 112.0, 80.0, 57.0, 50.0, 32.0, 36.0, 32.0, 20.0, 14.0, 14.0, 9.0, 13.0, 7.0, 10.0, 10.0, 6.0, 6.0, 0.0, 3.0, 4.0, 0.0, 1.0, 1.0, 2.0, 1.0], "bins": [-0.7183471322059631, -0.6952080726623535, -0.6720690727233887, -0.6489300727844238, -0.6257910132408142, -0.6026519536972046, -0.5795129537582397, -0.5563739538192749, -0.5332348942756653, -0.5100958347320557, -0.4869568347930908, -0.4638178050518036, -0.44067877531051636, -0.4175397455692291, -0.3944007158279419, -0.37126168608665466, -0.34812265634536743, -0.3249836266040802, -0.30184459686279297, -0.27870556712150574, -0.2555665373802185, -0.23242750763893127, -0.20928847789764404, -0.1861494481563568, -0.16301041841506958, -0.13987138867378235, -0.11673235893249512, -0.09359332919120789, -0.07045429944992065, -0.04731526970863342, -0.02417623996734619, -0.00103721022605896, 0.022101759910583496, 0.04524078965187073, 0.06837981939315796, 0.09151884913444519, 0.11465787887573242, 0.13779690861701965, 0.16093593835830688, 0.18407496809959412, 0.20721399784088135, 0.23035302758216858, 0.2534920573234558, 0.27663108706474304, 0.2997701168060303, 0.3229091465473175, 0.34604817628860474, 0.36918720602989197, 0.3923262357711792, 0.41546526551246643, 0.43860429525375366, 0.4617433249950409, 0.4848823547363281, 0.508021354675293, 0.5311604142189026, 0.5542994737625122, 0.577438473701477, 0.6005774736404419, 0.6237165331840515, 0.6468555927276611, 0.669994592666626, 0.6931335926055908, 0.7162726521492004, 0.7394117116928101, 0.7625507116317749]}, "_timestamp": 1710754188.6199427, "parameters/ff1.bias": {"_type": "histogram", "values": [1.0, 0.0, 1.0, 0.0, 0.0, 1.0, 0.0, 0.0, 1.0, 0.0, 0.0, 0.0, 0.0, 0.0, 0.0, 0.0, 1.0, 0.0, 1.0, 0.0, 1.0, 1.0, 0.0, 0.0, 1.0, 2.0, 0.0, 3.0, 1.0, 2.0, 4.0, 4.0, 4.0, 4.0, 2.0, 8.0, 6.0, 4.0, 14.0, 5.0, 11.0, 15.0, 14.0, 8.0, 10.0, 8.0, 11.0, 11.0, 6.0, 6.0, 9.0, 5.0, 3.0, 3.0, 0.0, 2.0, 1.0, 2.0, 0.0, 1.0, 0.0, 0.0, 1.0, 1.0], "bins": [-1.055085301399231, -1.0322861671447754, -1.0094869136810303, -0.9866877794265747, -0.9638886451721191, -0.9410894513130188, -0.9182902574539185, -0.8954911231994629, -0.8726919293403625, -0.849892795085907, -0.8270936012268066, -0.8042944073677063, -0.7814952731132507, -0.7586960792541504, -0.7358969449996948, -0.7130977511405945, -0.6902985572814941, -0.6674994230270386, -0.6447002291679382, -0.6219010949134827, -0.5991019010543823, -0.5763027667999268, -0.5535035729408264, -0.5307043790817261, -0.5079052448272705, -0.48510605096817017, -0.4623068869113922, -0.43950772285461426, -0.4167085587978363, -0.39390939474105835, -0.371110200881958, -0.34831103682518005, -0.3255118727684021, -0.30271270871162415, -0.2799135446548462, -0.25711435079574585, -0.2343151867389679, -0.21151602268218994, -0.188716858625412, -0.16591767966747284, -0.14311851561069489, -0.12031934410333633, -0.09752017259597778, -0.07472100853919983, -0.05192183703184128, -0.029122667387127876, -0.0063234977424144745, 0.016475671902298927, 0.03927484154701233, 0.06207401305437088, 0.08487318456172943, 0.10767234861850739, 0.13047152757644653, 0.1532706916332245, 0.17606985569000244, 0.1988690346479416, 0.22166819870471954, 0.2444673627614975, 0.26726654171943665, 0.2900657057762146, 0.31286486983299255, 0.3356640338897705, 0.35846322774887085, 0.3812623918056488, 0.40406155586242676]}, "parameters/ff2.weight": {"_type": "histogram", "values": [3.0, 0.0, 1.0, 2.0, 2.0, 1.0, 2.0, 2.0, 4.0, 4.0, 6.0, 8.0, 13.0, 12.0, 21.0, 50.0, 66.0, 93.0, 121.0, 143.0, 138.0, 183.0, 182.0, 204.0, 213.0, 276.0, 343.0, 949.0, 3421.0, 5342.0, 5806.0, 5802.0, 6106.0, 5444.0, 3102.0, 932.0, 471.0, 233.0, 133.0, 59.0, 24.0, 15.0, 16.0, 12.0, 10.0, 9.0, 5.0, 6.0, 3.0, 0.0, 0.0, 2.0, 0.0, 0.0, 1.0, 1.0, 0.0, 0.0, 0.0, 0.0, 0.0, 1.0, 0.0, 2.0], "bins": [-0.7821702361106873, -0.7590839862823486, -0.7359977960586548, -0.7129116058349609, -0.6898253560066223, -0.6667391061782837, -0.6436529159545898, -0.620566725730896, -0.5974804759025574, -0.5743942260742188, -0.5513080358505249, -0.528221845626831, -0.5051355957984924, -0.4820493757724762, -0.45896315574645996, -0.4358769357204437, -0.4127907156944275, -0.38970449566841125, -0.366618275642395, -0.3435320556163788, -0.32044583559036255, -0.2973596155643463, -0.2742733955383301, -0.25118717551231384, -0.2281009554862976, -0.20501473546028137, -0.18192851543426514, -0.1588422954082489, -0.13575607538223267, -0.11266985535621643, -0.0895836353302002, -0.06649741530418396, -0.0434112548828125, -0.020325034856796265, 0.0027611851692199707, 0.025847405195236206, 0.04893362522125244, 0.07201984524726868, 0.09510606527328491, 0.11819228529930115, 0.14127850532531738, 0.16436472535133362, 0.18745094537734985, 0.2105371654033661, 0.23362338542938232, 0.25670960545539856, 0.2797958254814148, 0.30288204550743103, 0.32596826553344727, 0.3490544855594635, 0.37214070558547974, 0.39522692561149597, 0.4183131456375122, 0.44139936566352844, 0.4644855856895447, 0.4875718057155609, 0.5106580257415771, 0.533744215965271, 0.5568304657936096, 0.5799167156219482, 0.6030029058456421, 0.6260890960693359, 0.6491753458976746, 0.6722615957260132, 0.695347785949707]}, "parameters/ff2.bias": {"_type": "histogram", "values": [2.0, 0.0, 0.0, 0.0, 0.0, 0.0, 0.0, 0.0, 0.0, 0.0, 0.0, 0.0, 0.0, 1.0, 0.0, 0.0, 0.0, 1.0, 0.0, 0.0, 1.0, 0.0, 0.0, 0.0, 0.0, 0.0, 0.0, 0.0, 1.0, 0.0, 0.0, 2.0, 0.0, 0.0, 0.0, 1.0, 1.0, 0.0, 1.0, 1.0, 3.0, 2.0, 2.0, 2.0, 8.0, 7.0, 9.0, 11.0, 4.0, 8.0, 11.0, 12.0, 10.0, 8.0, 14.0, 9.0, 13.0, 15.0, 13.0, 10.0, 4.0, 5.0, 5.0, 3.0], "bins": [-0.46895599365234375, -0.4611935615539551, -0.4534311294555664, -0.44566869735717773, -0.43790626525878906, -0.4301438331604004, -0.4223814010620117, -0.41461896896362305, -0.4068565368652344, -0.3990941047668457, -0.39133167266845703, -0.38356924057006836, -0.3758068084716797, -0.368044376373291, -0.36028194427490234, -0.35251951217651367, -0.344757080078125, -0.33699464797973633, -0.32923221588134766, -0.321469783782959, -0.3137073516845703, -0.30594491958618164, -0.29818248748779297, -0.2904200553894043, -0.2826576232910156, -0.27489519119262695, -0.2671327590942383, -0.2593703269958496, -0.25160789489746094, -0.24384546279907227, -0.2360830307006836, -0.22832059860229492, -0.22055815160274506, -0.21279571950435638, -0.2050332874059677, -0.19727085530757904, -0.18950842320919037, -0.1817459911108017, -0.17398355901241302, -0.16622112691402435, -0.15845869481563568, -0.150696262717247, -0.14293383061885834, -0.13517139852046967, -0.127408966422081, -0.11964653432369232, -0.11188410222530365, -0.10412167012691498, -0.0963592380285263, -0.08859680593013763, -0.08083437383174896, -0.07307194173336029, -0.06530950963497162, -0.05754707753658295, -0.049784645438194275, -0.0420222133398056, -0.03425978124141693, -0.02649735100567341, -0.018734918907284737, -0.010972486808896065, -0.003210054710507393, 0.004552377387881279, 0.01231480948626995, 0.020077241584658623, 0.027839673683047295]}, "parameters/ff3.weight": {"_type": "histogram", "values": [1.0, 1.0, 1.0, 0.0, 0.0, 0.0, 0.0, 0.0, 0.0, 2.0, 5.0, 1.0, 1.0, 6.0, 1.0, 2.0, 2.0, 1.0, 6.0, 10.0, 8.0, 11.0, 20.0, 48.0, 45.0, 63.0, 61.0, 57.0, 87.0, 276.0, 1364.0, 3114.0, 3727.0, 4120.0, 4307.0, 4565.0, 4980.0, 4395.0, 2497.0, 1714.0, 1405.0, 1216.0, 971.0, 519.0, 88.0, 31.0, 40.0, 29.0, 12.0, 15.0, 11.0, 33.0, 40.0, 30.0, 18.0, 17.0, 14.0, 6.0, 2.0, 0.0, 1.0, 0.0, 2.0, 1.0],