{"parameters/ff1.weight": {"_type": "histogram", "values": [5.0, 14.0, 28.0, 19.0, 131.0, 164.0, 190.0, 207.0, 195.0, 184.0, 205.0, 203.0, 222.0, 219.0, 212.0, 188.0, 215.0, 227.0, 236.0, 401.0, 371.0, 386.0, 442.0, 417.0, 414.0, 407.0, 439.0, 445.0, 406.0, 410.0, 404.0, 466.0, 471.0, 415.0, 439.0, 429.0, 420.0, 432.0, 393.0, 371.0, 338.0, 233.0, 181.0, 194.0, 212.0, 157.0, 205.0, 195.0, 185.0, 187.0, 211.0, 176.0, 183.0, 190.0, 174.0, 55.0, 26.0, 22.0, 15.0, 6.0, 7.0, 2.0, 2.0, 2.0], "bins": [-0.18848320841789246, -0.1821535974740982, -0.17582400143146515, -0.1694943904876709, -0.16316479444503784, -0.1568351835012436, -0.15050558745861053, -0.14417597651481628, -0.13784638047218323, -0.13151676952838898, -0.12518715858459473, -0.11885756254196167, -0.11252795159816742, -0.10619834810495377, -0.09986874461174011, -0.09353914111852646, -0.0872095376253128, -0.08087993413209915, -0.0745503306388855, -0.06822072714567184, -0.06189111992716789, -0.05556151643395424, -0.04923190921545029, -0.04290230572223663, -0.03657270222902298, -0.030243098735809326, -0.023913493379950523, -0.01758388802409172, -0.011254284530878067, -0.004924680106341839, 0.0014049243181943893, 0.0077345287427306175, 0.01406414806842804, 0.020393751561641693, 0.026723356917500496, 0.0330529622733593, 0.03938256576657295, 0.045712169259786606, 0.05204177647829056, 0.05837137997150421, 0.06470098346471786, 0.07103058695793152, 0.07736019045114517, 0.08368979394435883, 0.09001940488815308, 0.09634900838136673, 0.10267861187458038, 0.10900821536779404, 0.11533781886100769, 0.12166742235422134, 0.127997025847435, 0.13432663679122925, 0.1406562328338623, 0.14698584377765656, 0.1533154398202896, 0.15964505076408386, 0.16597464680671692, 0.17230425775051117, 0.17863386869430542, 0.18496346473693848, 0.19129307568073273, 0.19762267172336578, 0.20395228266716003, 0.2102818787097931, 0.21661148965358734]}, "_timestamp": 1710616526.9866567, "parameters/ff1.bias": {"_type": "histogram", "values": [1.0, 1.0, 1.0, 3.0, 3.0, 4.0, 6.0, 3.0, 7.0, 3.0, 1.0, 4.0, 0.0, 3.0, 6.0, 3.0, 2.0, 7.0, 3.0, 3.0, 4.0, 6.0, 1.0, 3.0, 5.0, 7.0, 4.0, 2.0, 5.0, 9.0, 3.0, 4.0, 6.0, 3.0, 1.0, 4.0, 2.0, 4.0, 5.0, 5.0, 5.0, 4.0, 6.0, 5.0, 5.0, 7.0, 2.0, 5.0, 7.0, 2.0, 0.0, 0.0, 1.0, 2.0, 0.0, 1.0, 0.0, 0.0, 0.0, 0.0, 0.0, 0.0, 0.0, 1.0], "bins": [-0.1766926497220993, -0.17213712632656097, -0.16758160293102264, -0.1630260944366455, -0.15847057104110718, -0.15391504764556885, -0.14935952425003052, -0.1448040008544922, -0.14024847745895386, -0.13569296896457672, -0.1311374455690384, -0.12658192217350006, -0.12202639877796173, -0.117470882833004, -0.11291535943746567, -0.10835984349250793, -0.1038043200969696, -0.09924879670143127, -0.09469328075647354, -0.09013775736093521, -0.08558224141597748, -0.08102671802043915, -0.07647119462490082, -0.07191567867994308, -0.06736015528440475, -0.06280463188886642, -0.05824911594390869, -0.05369359254837036, -0.04913807287812233, -0.0445825532078743, -0.04002702981233597, -0.035471510142087936, -0.030915990471839905, -0.026360470801591873, -0.021804949268698692, -0.01724942773580551, -0.01269390806555748, -0.008138387463986874, -0.0035828668624162674, 0.0009726537391543388, 0.005528174340724945, 0.010083694942295551, 0.014639215543866158, 0.01919473707675934, 0.02375025674700737, 0.0283057764172554, 0.03286129981279373, 0.03741681948304176, 0.041972339153289795, 0.04652785882353783, 0.05108337849378586, 0.05563890188932419, 0.06019442155957222, 0.06474994122982025, 0.06930546462535858, 0.07386098057031631, 0.07841650396585464, 0.08297202736139297, 0.08752754330635071, 0.09208306670188904, 0.09663859009742737, 0.1011941060423851, 0.10574962943792343, 0.11030514538288116, 0.1148606687784195]}, "parameters/ff2.weight": {"_type": "histogram", "values": [2.0, 1.0, 12.0, 45.0, 61.0, 110.0, 194.0, 530.0, 693.0, 727.0, 1194.0, 1350.0, 1309.0, 1394.0, 1358.0, 1356.0, 1302.0, 1323.0, 1385.0, 1358.0, 1362.0, 1425.0, 1420.0, 1341.0, 1373.0, 1400.0, 1406.0, 1389.0, 1407.0, 1395.0, 1403.0, 1302.0, 1416.0, 1240.0, 1293.0, 1131.0, 724.0, 692.0, 580.0, 91.0, 54.0, 56.0, 54.0, 39.0, 53.0, 47.0, 49.0, 30.0, 13.0, 16.0, 8.0, 14.0, 14.0, 12.0, 10.0, 7.0, 3.0, 11.0, 8.0, 6.0, 0.0, 0.0, 1.0, 1.0], "bins": [-0.16663387417793274, -0.16169309616088867, -0.1567523330450058, -0.15181155502796173, -0.14687077701091766, -0.1419299989938736, -0.13698923587799072, -0.13204845786094666, -0.1271076798439026, -0.12216690927743912, -0.11722613871097565, -0.11228536069393158, -0.10734459012746811, -0.10240381211042404, -0.09746304154396057, -0.0925222635269165, -0.08758149296045303, -0.08264072239398956, -0.0776999443769455, -0.07275917381048203, -0.06781839579343796, -0.06287762522697449, -0.05793685093522072, -0.05299607664346695, -0.04805530235171318, -0.04311452805995941, -0.03817375376820564, -0.033232979476451874, -0.028292207047343254, -0.023351432755589485, -0.018410660326480865, -0.013469886034727097, -0.008529111742973328, -0.003588337916880846, 0.0013524359092116356, 0.006293209735304117, 0.011233983561396599, 0.016174757853150368, 0.021115530282258987, 0.026056304574012756, 0.030997078865766525, 0.035937853157520294, 0.04087862744927406, 0.04581940174102783, 0.0507601723074913, 0.05570094659924507, 0.06064172089099884, 0.06558249890804291, 0.07052326947450638, 0.07546404004096985, 0.08040481805801392, 0.08534558862447739, 0.09028636664152145, 0.09522713720798492, 0.10016791522502899, 0.10510868579149246, 0.11004945635795593, 0.114990234375, 0.11993100494146347, 0.12487178295850754, 0.129812553524971, 0.13475333154201508, 0.13969410955905914, 0.14463487267494202, 0.14957565069198608]}, "parameters/ff2.bias": {"_type": "histogram", "values": [2.0, 2.0, 4.0, 1.0, 1.0, 6.0, 3.0, 5.0, 6.0, 3.0, 6.0, 4.0, 7.0, 8.0, 5.0, 3.0, 3.0, 10.0, 3.0, 6.0, 5.0, 7.0, 6.0, 0.0, 5.0, 1.0, 5.0, 2.0, 4.0, 1.0, 4.0, 3.0, 4.0, 3.0, 10.0, 5.0, 10.0, 2.0, 4.0, 9.0, 8.0, 2.0, 3.0, 2.0, 1.0, 4.0, 1.0, 0.0, 0.0, 0.0, 0.0, 0.0, 0.0, 0.0, 0.0, 0.0, 0.0, 0.0, 0.0, 0.0, 0.0, 0.0, 0.0, 1.0], "bins": [-0.13328002393245697, -0.12986691296100616, -0.12645378708839417, -0.12304067611694336, -0.11962755769491196, -0.11621443927288055, -0.11280132085084915, -0.10938820987939835, -0.10597509145736694, -0.10256197303533554, -0.09914885461330414, -0.09573573619127274, -0.09232262521982193, -0.08890950679779053, -0.08549638837575912, -0.08208326995372772, -0.07867015898227692, -0.07525704056024551, -0.07184392213821411, -0.06843080371618271, -0.0650176852941513, -0.0616045705974102, -0.0581914559006691, -0.054778337478637695, -0.05136521905660629, -0.04795210435986519, -0.044538985937833786, -0.04112587124109268, -0.03771275281906128, -0.034299638122320175, -0.030886519700288773, -0.02747340314090252, -0.024060286581516266, -0.020647170022130013, -0.01723405346274376, -0.013820935972034931, -0.010407819412648678, -0.0069947028532624245, -0.003581585828214884, -0.0001684690359979868, 0.0032446477562189102, 0.006657764315605164, 0.010070880874991417, 0.013483998365700245, 0.016897115856409073, 0.020310232415795326, 0.02372334897518158, 0.027136465534567833, 0.030549582093954086, 0.03396270051598549, 0.03737581521272659, 0.040788933634757996, 0.0442020483314991, 0.0476151667535305, 0.051028281450271606, 0.05444139987230301, 0.05785451829433441, 0.061267632991075516, 0.06468074768781662, 0.06809386610984802, 0.07150698453187943, 0.07492010295391083, 0.07833321392536163, 0.08174633234739304, 0.08515945076942444]}, "parameters/ff3.weight": {"_type": "histogram", "values": [2.0, 7.0, 2.0, 6.0, 12.0, 283.0, 541.0, 625.0, 824.0, 874.0, 939.0, 924.0, 918.0, 933.0, 932.0, 941.0, 990.0, 939.0, 1172.0, 1212.0, 1179.0, 1137.0, 1073.0, 1192.0, 1169.0, 1185.0, 1155.0, 1135.0, 1245.0, 1194.0, 1311.0, 1424.0, 1405.0, 1315.0, 1354.0, 864.0, 788.0, 753.0, 411.0, 363.0, 366.0, 367.0, 386.0, 404.0, 353.0, 368.0, 373.0, 282.0, 224.0, 220.0, 231.0, 196.0, 225.0, 195.0, 192.0, 167.0, 171.0, 204.0, 182.0, 154.0, 7.0, 2.0, 1.0, 2.0],