{"train_loss": 1.9020469188690186, "val_loss": 1.7145684957504272, "lr": 0.01, "_timestamp": 1710879381.0290165, "_runtime": 1641.043874502182, "_step": 0, "_wandb": {"runtime": 30}}