{"_wandb": {"runtime": 11}, "parameters/graph_9ff1.weight": {"_type": "histogram", "values": [1.0, 0.0, 1.0, 1.0, 1.0, 4.0, 3.0, 2.0, 4.0, 2.0, 1.0, 3.0, 7.0, 9.0, 12.0, 4.0, 9.0, 19.0, 17.0, 25.0, 43.0, 59.0, 93.0, 173.0, 281.0, 460.0, 569.0, 663.0, 764.0, 971.0, 1075.0, 1157.0, 1159.0, 1138.0, 1100.0, 1047.0, 993.0, 778.0, 603.0, 528.0, 399.0, 302.0, 158.0, 108.0, 55.0, 28.0, 27.0, 18.0, 14.0, 10.0, 12.0, 15.0, 6.0, 7.0, 16.0, 11.0, 7.0, 7.0, 5.0, 4.0, 3.0, 5.0, 2.0, 2.0], "bins": [-0.6057403087615967, -0.5875885486602783, -0.56943678855896, -0.5512850284576416, -0.5331332683563232, -0.5149815082550049, -0.49682971835136414, -0.4786779582500458, -0.4605261981487274, -0.44237443804740906, -0.4242226779460907, -0.40607091784477234, -0.3879191279411316, -0.36976736783981323, -0.3516156077384949, -0.3334638476371765, -0.31531208753585815, -0.2971603274345398, -0.27900856733322144, -0.2608568072319031, -0.24270503222942352, -0.22455327212810516, -0.2064014971256256, -0.18824973702430725, -0.1700979769229889, -0.15194621682167053, -0.13379445672035217, -0.11564268171787262, -0.09749092161655426, -0.0793391615152359, -0.061187393963336945, -0.04303563013672829, -0.024883806705474854, -0.006732042878866196, 0.011419720947742462, 0.02957148477435112, 0.04772324860095978, 0.06587500870227814, 0.0840267762541771, 0.10217854380607605, 0.12033030390739441, 0.13848206400871277, 0.15663382411003113, 0.17478559911251068, 0.19293735921382904, 0.2110891193151474, 0.22924089431762695, 0.2473926544189453, 0.26554441452026367, 0.28369617462158203, 0.3018479347229004, 0.31999969482421875, 0.3381514549255371, 0.35630324482917786, 0.3744550049304962, 0.3926067650318146, 0.41075852513313293, 0.4289102852344513, 0.44706204533576965, 0.465213805437088, 0.48336559534072876, 0.5015173554420471, 0.5196691155433655, 0.5378208756446838, 0.5559726357460022]}, "_timestamp": 1710704551.812739, "parameters/graph_9ff1.bias": {"_type": "histogram", "values": [1.0, 0.0, 0.0, 0.0, 1.0, 0.0, 0.0, 2.0, 1.0, 1.0, 3.0, 2.0, 0.0, 1.0, 0.0, 1.0, 1.0, 4.0, 2.0, 6.0, 6.0, 5.0, 9.0, 8.0, 5.0, 6.0, 8.0, 9.0, 14.0, 4.0, 8.0, 6.0, 8.0, 2.0, 5.0, 8.0, 13.0, 4.0, 10.0, 2.0, 8.0, 3.0, 2.0, 4.0, 3.0, 1.0, 2.0, 0.0, 2.0, 1.0, 1.0, 0.0, 1.0, 1.0, 0.0, 0.0, 0.0, 0.0, 1.0, 0.0, 0.0, 1.0, 1.0, 2.0], "bins": [-0.36833328008651733, -0.35865163803100586, -0.3489699959754944, -0.3392883241176605, -0.32960668206214905, -0.3199250400066376, -0.3102433681488037, -0.30056172609329224, -0.29088008403778076, -0.2811984419822693, -0.2715167999267578, -0.26183512806892395, -0.2521534860134125, -0.242471843957901, -0.23279018700122833, -0.22310853004455566, -0.2134268879890442, -0.20374524593353271, -0.19406358897686005, -0.18438193202018738, -0.1747002899646759, -0.16501864790916443, -0.15533699095249176, -0.1456553339958191, -0.13597369194030762, -0.12629204988479614, -0.11661039292812347, -0.1069287434220314, -0.09724709391593933, -0.08756544440984726, -0.07788379490375519, -0.06820214539766312, -0.05852046608924866, -0.048838816583156586, -0.039157167077064514, -0.029475517570972443, -0.01979386806488037, -0.0101122185587883, -0.00043056905269622803, 0.009251080453395844, 0.018932729959487915, 0.028614379465579987, 0.03829602897167206, 0.04797767847776413, 0.0576593279838562, 0.06734097748994827, 0.07702262699604034, 0.08670427650213242, 0.09638592600822449, 0.10606757551431656, 0.11574922502040863, 0.1254308819770813, 0.13511252403259277, 0.14479416608810425, 0.15447582304477692, 0.16415748000144958, 0.17383912205696106, 0.18352076411247253, 0.1932024210691452, 0.20288407802581787, 0.21256572008132935, 0.22224736213684082, 0.2319290190935135, 0.24161067605018616, 0.25129231810569763]}, "parameters/graph_9ff2.weight": {"_type": "histogram", "values": [1.0, 2.0, 1.0, 5.0, 2.0, 3.0, 6.0, 11.0, 4.0, 17.0, 12.0, 15.0, 25.0, 30.0, 30.0, 37.0, 60.0, 67.0, 80.0, 80.0, 128.0, 131.0, 358.0, 2019.0, 4439.0, 5388.0, 5487.0, 5646.0, 5674.0, 5532.0, 3176.0, 740.0, 329.0, 189.0, 148.0, 69.0, 17.0, 10.0, 7.0, 2.0, 5.0, 8.0, 2.0, 0.0, 2.0, 0.0, 0.0, 2.0, 2.0, 0.0, 0.0, 0.0, 0.0, 0.0, 0.0, 0.0, 0.0, 1.0, 0.0, 0.0, 0.0, 0.0, 0.0, 1.0], "bins": [-0.6260563731193542, -0.6050910353660583, -0.5841257572174072, -0.5631604194641113, -0.5421950817108154, -0.5212297439575195, -0.5002644658088684, -0.4792991280555725, -0.4583337903022766, -0.4373684823513031, -0.4164031744003296, -0.3954378366470337, -0.3744725286960602, -0.3535071909427643, -0.33254188299179077, -0.3115765452384949, -0.29061123728752136, -0.26964592933654785, -0.24868059158325195, -0.22771526873111725, -0.20674994587898254, -0.18578463792800903, -0.16481931507587433, -0.14385399222373962, -0.12288866937160492, -0.10192334651947021, -0.08095802366733551, -0.0599927082657814, -0.0390273854136467, -0.018062064424157143, 0.0029032565653324127, 0.023868577554821968, 0.04483389854431152, 0.06579922139644623, 0.08676454424858093, 0.10772985965013504, 0.12869518995285034, 0.14966049790382385, 0.17062582075595856, 0.19159114360809326, 0.21255646646022797, 0.23352178931236267, 0.2544870972633362, 0.2754524350166321, 0.2964177429676056, 0.3173830807209015, 0.338348388671875, 0.3593137264251709, 0.3802790343761444, 0.4012443423271179, 0.4222096800804138, 0.44317498803138733, 0.4641403257846832, 0.48510563373565674, 0.5060709714889526, 0.5270363092422485, 0.5480015873908997, 0.5689669251441956, 0.5899322628974915, 0.6108975410461426, 0.6318628787994385, 0.6528282165527344, 0.6737935543060303, 0.6947588324546814, 0.7157241702079773]}, "parameters/graph_9ff2.bias": {"_type": "histogram", "values": [1.0, 0.0, 0.0, 0.0, 0.0, 0.0, 0.0, 0.0, 0.0, 0.0, 0.0, 0.0, 0.0, 0.0, 0.0, 0.0, 0.0, 0.0, 0.0, 0.0, 0.0, 0.0, 0.0, 0.0, 0.0, 0.0, 0.0, 0.0, 2.0, 2.0, 5.0, 9.0, 9.0, 7.0, 9.0, 12.0, 15.0, 6.0, 13.0, 12.0, 9.0, 17.0, 22.0, 15.0, 14.0, 7.0, 5.0, 2.0, 5.0, 1.0, 0.0, 0.0, 0.0, 0.0, 0.0, 0.0, 0.0, 0.0, 0.0, 0.0, 0.0, 0.0, 0.0, 1.0], "bins": [-0.4189574718475342, -0.40974652767181396, -0.40053555369377136, -0.39132460951805115, -0.38211363554000854, -0.37290269136428833, -0.3636917173862457, -0.3544807732105255, -0.3452697992324829, -0.3360588550567627, -0.3268479108810425, -0.3176369369029999, -0.30842599272727966, -0.29921501874923706, -0.29000407457351685, -0.28079310059547424, -0.27158215641975403, -0.2623712122440338, -0.2531602382659912, -0.2439492791891098, -0.2347383201122284, -0.22552737593650818, -0.21631641685962677, -0.20710545778274536, -0.19789449870586395, -0.18868353962898254, -0.17947258055210114, -0.17026162147521973, -0.1610506772994995, -0.1518397182226181, -0.1426287591457367, -0.13341780006885529, -0.12420684099197388, -0.11499588191509247, -0.10578492283821106, -0.09657397121191025, -0.08736301213502884, -0.07815205305814743, -0.06894110143184662, -0.05973014235496521, -0.0505191832780838, -0.04130822420120239, -0.03209726884961128, -0.022886311635375023, -0.013675354421138763, -0.004464397206902504, 0.0047465600073337555, 0.013957517221570015, 0.023168474435806274, 0.03237943351268768, 0.04159038886427879, 0.050801344215869904, 0.06001230329275131, 0.06922326236963272, 0.07843421399593353, 0.08764517307281494, 0.09685613214969635, 0.10606709122657776, 0.11527805030345917, 0.12448900192975998, 0.1336999535560608, 0.1429109126329422, 0.1521218717098236, 0.16133283078670502, 0.17054378986358643]}, "parameters/graph_9ff3.weight": {"_type": "histogram", "values": [1.0, 0.0, 0.0, 0.0, 0.0, 0.0, 0.0, 0.0, 0.0, 0.0, 0.0, 0.0, 1.0, 0.0, 0.0, 0.0, 0.0, 0.0, 0.0, 0.0, 1.0, 0.0, 0.0, 0.0, 0.0, 0.0, 2.0, 2.0, 1.0, 1.0, 4.0, 0.0, 3.0, 1.0, 4.0, 2.0, 4.0, 9.0, 9.0, 18.0, 32.0, 42.0, 84.0, 954.0, 5117.0, 6188.0, 6713.0, 7599.0, 6200.0, 2626.0, 2265.0, 1625.0, 423.0, 25.0, 10.0, 9.0, 2.0, 6.0, 5.0, 6.0, 2.0, 1.0, 2.0, 1.0],